Job ID,Job URL,Job Title,Status,Timestamp,Location,Page
560a3e1ecb85105a,https://ec.computrabajo.com/ofertas-de-trabajo/oferta-de-trabajo-de-asistente-contable-quito-en-quito-3162485B4D6694F261373E686DCF3405,Asistente Contable - Quito,saved_to_csv,2026-09-27T17:10:29.214181,https://ec.computrabajo.com/empleos-en-pichincha,1
1a6f9a2bdb972113,https://ec.computrabajo.com/ofertas-de-trabajo/oferta-de-trabajo-de-demostrador-vendedor-en-quito-21BEC1C2243C7DED61373E686DCF3405,Demostrador vendedor,saved_to_csv,2026-09-27T17:10:30.347499,https://ec.computrabajo.com/empleos-en-pichincha,1
11fc2b88aaced523,https://ec.computrabajo.com/ofertas-de-trabajo/oferta-de-trabajo-de-gestor-de-recuperacion-de-cartera-con-o-sin-experiencia-en-quito-468454C0BA86586F61373E686DCF3405,Gestor de Recuperación de Cartera - Con o sin experiencia,saved_to_csv,2026-09-27T17:10:31.473645,https://ec.computrabajo.com/empleos-en-pichincha,1
23182d662cddd8d3,https://ec.computrabajo.com/ofertas-de-trabajo/oferta-de-trabajo-de-asesora-comercial-call-center-agendamiento-de-citas-medicas-no-ventas-en-quito-D02D019F381CB90661373E686DCF3405,Asesor/a comercial call center - Agendamiento de Citas Medicas (No Ventas),saved_to_csv,2026-09-27T17:10:32.632743,https://ec.computrabajo.com/empleos-en-pichincha,1
da3bfc896c061067,https://ec.computrabajo.com/ofertas-de-trabajo/oferta-de-trabajo-de-asesora-comercial-call-center-con-experiencia-en-quito-32ECB76C8F279CC061373E686DCF3405,Asesor/a comercial call center - con experiencia,saved_to_csv,2026-09-27T17:10:33.739781,https://ec.computrabajo.com/empleos-en-pichincha,1
03292471ee6ae8c2,https://ec.computrabajo.com/ofertas-de-trabajo/oferta-de-trabajo-de-ejecutivo-comercial-equipos-de-telecomunicaciones-en-quito-D6E83BDEE201EC6F61373E686DCF3405,Ejecutivo Comercial - Equipos de Telecomunicaciones,saved_to_csv,2026-09-27T17:10:34.877365,https://ec.computrabajo.com/empleos-en-pichincha,1
b584775f09bcee95,https://ec.computrabajo.com/ofertas-de-trabajo/oferta-de-trabajo-de-business-development-assistant-remote-en-quito-E21127986099D4EB61373E686DCF3405,Business Development Assistant - Remote,saved_to_csv,2026-09-27T17:10:36.028582,https://ec.computrabajo.com/empleos-en-pichincha,1
9abe8c7149119a97,https://ec.computrabajo.com/ofertas-de-trabajo/oferta-de-trabajo-de-asesor-comercialrepuestos-de-carros-lubricantes-ventas-de-llantas-quito-ventas-en-friosector-automotriz-en-quito-FD66F4EF290ABF6161373E686DCF3405,Asesor comercial/repuestos de carros lubricantes/ ventas de llantas/ Quito - Ventas en frio/sector automotriz,saved_to_csv,2026-09-27T17:10:37.177171,https://ec.computrabajo.com/empleos-en-pichincha,1
5d0105806f551103,https://ec.computrabajo.com/ofertas-de-trabajo/oferta-de-trabajo-de-operador-de-call-center-servicio-al-cliente-quito-en-quito-3D3A72C4E81F3E4061373E686DCF3405,Operador de Call Center - Servicio al Cliente Quito,saved_to_csv,2026-09-27T17:10:38.306660,https://ec.computrabajo.com/empleos-en-pichincha,1
6b27446b3ed8cb99,https://ec.computrabajo.com/ofertas-de-trabajo/oferta-de-trabajo-de-auxiliar-de-bodega-bodega-en-quito-594B3772B970E8D861373E686DCF3405,Auxiliar de bodega - Bodega,saved_to_csv,2026-09-27T17:10:39.427986,https://ec.computrabajo.com/empleos-en-pichincha,1
d42c650b33cc07d1,https://ec.computrabajo.com/ofertas-de-trabajo/oferta-de-trabajo-de-auxiliar-de-limpieza-limpieza-hospitalaria-en-quito-23A632ED4C285A4A61373E686DCF3405,Auxiliar de limpieza - Limpieza Hospitalaria,saved_to_csv,2026-09-27T17:10:40.552012,https://ec.computrabajo.com/empleos-en-pichincha,1
6700c277ec54dad6,https://ec.computrabajo.com/ofertas-de-trabajo/oferta-de-trabajo-de-ejecutivo-de-ventas-sector-automotriz-en-quito-5236F305053C95BB61373E686DCF3405,Ejecutivo de Ventas – Sector Automotriz,saved_to_csv,2026-09-27T17:10:41.682607,https://ec.computrabajo.com/empleos-en-pichincha,1
084a4ed0f98a6786,https://ec.computrabajo.com/ofertas-de-trabajo/oferta-de-trabajo-de-vendedora-parcial-san-luis-shopping-en-ruminahui-EA563A7A3A19EDF761373E686DCF3405,Vendedor/a Parcial - San Luis Shopping,saved_to_csv,2026-09-27T17:10:42.826759,https://ec.computrabajo.com/empleos-en-pichincha,1
b74e3f661dd0a1ec,https://ec.computrabajo.com/ofertas-de-trabajo/oferta-de-trabajo-de-auxiliar-electrico-electrico-en-quito-DDAAA80D175D82C661373E686DCF3405,Auxiliar electrico - Eléctrico,saved_to_csv,2026-09-27T17:10:43.915421,https://ec.computrabajo.com/empleos-en-pichincha,1
28f41f2e192643ab,https://ec.computrabajo.com/ofertas-de-trabajo/oferta-de-trabajo-de-asistente-de-convenios-en-quito-F7B3BD6F516D8B7F61373E686DCF3405,Asistente de Convenios,saved_to_csv,2026-09-27T17:10:45.057556,https://ec.computrabajo.com/empleos-en-pichincha,1
d047221defef1508,https://ec.computrabajo.com/ofertas-de-trabajo/oferta-de-trabajo-de-operations-and-supply-analyst-full-time-en-quito-544F7ADF99E6BE2961373E686DCF3405,Operations and Supply Analyst - Full Time,saved_to_csv,2026-09-27T17:10:46.181562,https://ec.computrabajo.com/empleos-en-pichincha,1
2ad64bc3137f0de5,https://ec.computrabajo.com/ofertas-de-trabajo/oferta-de-trabajo-de-asesor-comercial-senior-con-experiencia-en-quito-826E265CAF73385761373E686DCF3405,Asesor comercial Senior - con experiencia,saved_to_csv,2026-09-27T17:10:47.323754,https://ec.computrabajo.com/empleos-en-pichincha,1
37e4caac3b42563c,https://ec.computrabajo.com/ofertas-de-trabajo/oferta-de-trabajo-de-administrativo-financiero-constructora-en-quito-37C666121EB003E661373E686DCF3405,Administrativo financiero constructora,saved_to_csv,2026-09-27T17:10:48.451118,https://ec.computrabajo.com/empleos-en-pichincha,1
9f9b179031004de7,https://ec.computrabajo.com/ofertas-de-trabajo/oferta-de-trabajo-de-docente-medico-veterinario-con-experiencia-en-interpretacion-de-imagenes-en-quito-D1D2828D0E3FFF7C61373E686DCF3405,Docente Médico Veterinario - Con experiencia en Interpretación de Imágenes,saved_to_csv,2026-09-27T17:10:49.600969,https://ec.computrabajo.com/empleos-en-pichincha,1
4944d5f9ebe8c7d6,https://ec.computrabajo.com/ofertas-de-trabajo/oferta-de-trabajo-de-analista-senior-de-inteligencia-comercial-en-quito-592A16FDDDD423E361373E686DCF3405,Analista Senior de Inteligencia Comercial,saved_to_csv,2026-09-27T17:10:50.767973,https://ec.computrabajo.com/empleos-en-pichincha,1
9b74442727a2354d,https://ec.computrabajo.com/ofertas-de-trabajo/oferta-de-trabajo-de-agendador-de-citas-telefonicas-bilingue-ingles-avanzado-en-quito-CD14B993D0FCDE3B61373E686DCF3405,Agendador de Citas Telefónicas Bilingüe - Inglés Avanzado,saved_to_csv,2026-09-27T17:10:52.130053,https://ec.computrabajo.com/empleos-en-pichincha,2
bb51fe97a2744c7c,https://ec.computrabajo.com/ofertas-de-trabajo/oferta-de-trabajo-de-medico-ecografista-por-honorarios-en-quito-3B4FFC48A55C845C61373E686DCF3405,Médico Ecografista - Por honorarios,saved_to_csv,2026-09-27T17:10:53.290269,https://ec.computrabajo.com/empleos-en-pichincha,2
854704f9c0bdac3e,https://ec.computrabajo.com/ofertas-de-trabajo/oferta-de-trabajo-de-filmaker-y-disenador-grafico-en-quito-1A216BE8BC1158D461373E686DCF3405,Filmaker y diseñador grafico,saved_to_csv,2026-09-27T17:10:54.398621,https://ec.computrabajo.com/empleos-en-pichincha,2
bd0a5491e27b0ac2,https://ec.computrabajo.com/ofertas-de-trabajo/oferta-de-trabajo-de-lider-de-tienda-ropa-en-quito-814D077DC2D1792861373E686DCF3405,Lider de Tienda - Ropa,saved_to_csv,2026-09-27T17:10:55.559307,https://ec.computrabajo.com/empleos-en-pichincha,2
87ab126ee87616d1,https://ec.computrabajo.com/ofertas-de-trabajo/oferta-de-trabajo-de-coordinador-quirurgico-cirujano-en-quito-876C8ABCB8271CC261373E686DCF3405,Coordinador Quirúrgico - Cirujano,saved_to_csv,2026-09-27T17:10:56.693126,https://ec.computrabajo.com/empleos-en-pichincha,2
f4ca7fe4176e52c5,https://ec.computrabajo.com/ofertas-de-trabajo/oferta-de-trabajo-de-ayudante-operativo-quito-en-quito-4549DB05F2D1F85B61373E686DCF3405,Ayudante Operativo - Quito,saved_to_csv,2026-09-27T17:10:57.832578,https://ec.computrabajo.com/empleos-en-pichincha,2
5f678a58934f1690,https://ec.computrabajo.com/ofertas-de-trabajo/oferta-de-trabajo-de-asistente-de-logistica-en-quito-71C52031977F90F061373E686DCF3405,Asistente de Logística,saved_to_csv,2026-09-27T17:10:58.956257,https://ec.computrabajo.com/empleos-en-pichincha,2
a9e4bc1d310d75be,https://ec.computrabajo.com/ofertas-de-trabajo/oferta-de-trabajo-de-coordinador-administrativo-en-quito-63116296F919960E61373E686DCF3405,Coordinador Administrativo,saved_to_csv,2026-09-27T17:11:00.063255,https://ec.computrabajo.com/empleos-en-pichincha,2
e7affb7aa42da8f8,https://ec.computrabajo.com/ofertas-de-trabajo/oferta-de-trabajo-de-auxiliar-administrativoa-en-quito-A38BC1B29175308461373E686DCF3405,Auxiliar administrativo/a,saved_to_csv,2026-09-27T17:11:01.172961,https://ec.computrabajo.com/empleos-en-pichincha,2
a2edb1d5c5e72ffc,https://ec.computrabajo.com/ofertas-de-trabajo/oferta-de-trabajo-de-asesor-de-ventas-con-experiencia-2-anos-en-accesorios-tecnologicos-en-quito-DA1D0334575D0B3561373E686DCF3405,Asesor de ventas - con experiencia 2 años en accesorios tecnológicos,saved_to_csv,2026-09-27T17:11:02.255494,https://ec.computrabajo.com/empleos-en-pichincha,2
f11061ea83efb3be,https://ec.computrabajo.com/ofertas-de-trabajo/oferta-de-trabajo-de-docente-de-educacion-basica-superior-turno-de-dia-con-experiencia-en-quito-34B9D8816B4DC73261373E686DCF3405,Docente de educación basica súperior - Turno de día con experiencia,saved_to_csv,2026-09-27T17:11:03.403307,https://ec.computrabajo.com/empleos-en-pichincha,2
99392ca35be2ca44,https://ec.computrabajo.com/ofertas-de-trabajo/oferta-de-trabajo-de-asesora-comercial-call-center-en-quito-ADD089ECE61C80AC61373E686DCF3405,Asesor/a comercial call center,saved_to_csv,2026-09-27T17:11:04.552677,https://ec.computrabajo.com/empleos-en-pichincha,2
dc6f5c6007575741,https://ec.computrabajo.com/ofertas-de-trabajo/oferta-de-trabajo-de-auxiliar-de-cocina-experiencia-minima-en-cocina-en-quito-73C1B4BDF8D5B96061373E686DCF3405,Auxiliar de cocina - Experiencia mínima en cocina,saved_to_csv,2026-09-27T17:11:05.692990,https://ec.computrabajo.com/empleos-en-pichincha,2
7264efbf15c925af,https://ec.computrabajo.com/ofertas-de-trabajo/oferta-de-trabajo-de-cocinero-encargado-en-quito-1636550E0A8AC65761373E686DCF3405,Cocinero encargado,saved_to_csv,2026-09-27T17:11:06.831389,https://ec.computrabajo.com/empleos-en-pichincha,2
52c0c77552b8b14c,https://ec.computrabajo.com/ofertas-de-trabajo/oferta-de-trabajo-de-especialista-de-marketing-digital-360-presencial-disponibilidad-inmediata-en-ruminahui-9EB52B2406046EA961373E686DCF3405,"Especialista de Marketing Digital 360° - Presencial, disponibilidad inmediata",saved_to_csv,2026-09-27T17:11:07.941836,https://ec.computrabajo.com/empleos-en-pichincha,2
43cd250a8858eace,https://ec.computrabajo.com/ofertas-de-trabajo/oferta-de-trabajo-de-impulsadora-de-ventas-quevedo-ambato-loja-los-rios-riobamba-en-quito-881BE1E11A59E17961373E686DCF3405,"Impulsador/a de ventas - Quevedo, Ambato, Loja, Los Ríos, Riobamba.",saved_to_csv,2026-09-27T17:11:09.060910,https://ec.computrabajo.com/empleos-en-pichincha,2
a9a5b693e492b261,https://ec.computrabajo.com/ofertas-de-trabajo/oferta-de-trabajo-de-analista-de-control-de-calidad-y-auditoria-en-quito-416FBC494391AA4761373E686DCF3405,Analista De Control de Calidad y Auditoría,saved_to_csv,2026-09-27T17:11:10.203314,https://ec.computrabajo.com/empleos-en-pichincha,2
e16d9b6a4c69aec4,https://ec.computrabajo.com/ofertas-de-trabajo/oferta-de-trabajo-de-asesor-comercial-telefonico-en-quito-6808DB29EBF99AF561373E686DCF3405,Asesor Comercial Telefónico,saved_to_csv,2026-09-27T17:11:11.352405,https://ec.computrabajo.com/empleos-en-pichincha,2
8b13baf4ea16889b,https://ec.computrabajo.com/ofertas-de-trabajo/oferta-de-trabajo-de-medico-internista-por-honorarios-en-quito-EB31DF45354778D761373E686DCF3405,Medico Internista - Por honorarios,saved_to_csv,2026-09-27T17:11:12.507347,https://ec.computrabajo.com/empleos-en-pichincha,2
d03a2b318ecc3f6a,https://ec.computrabajo.com/ofertas-de-trabajo/oferta-de-trabajo-de-country-manager-en-quito-3E712F3BADC03FBE61373E686DCF3405,Country Manager,saved_to_csv,2026-09-27T17:11:13.651724,https://ec.computrabajo.com/empleos-en-pichincha,2
9203e473711d9c34,https://ec.computrabajo.com/ofertas-de-trabajo/oferta-de-trabajo-de-atencion-a-clientes-operadora-en-quito-7F3DAABF63AB406A61373E686DCF3405,Atención a clientes - Operadora,saved_to_csv,2026-09-27T17:11:15.015930,https://ec.computrabajo.com/empleos-en-pichincha,3
ef6ddfe9c38ec843,https://ec.computrabajo.com/ofertas-de-trabajo/oferta-de-trabajo-de-bartender-en-ruminahui-43EA1197EB1966B561373E686DCF3405,Bartender,saved_to_csv,2026-09-27T17:11:16.182094,https://ec.computrabajo.com/empleos-en-pichincha,3
c24e452db638ade4,https://ec.computrabajo.com/ofertas-de-trabajo/oferta-de-trabajo-de-ejecutivoa-comercial-pymes-en-quito-249075486531DAB561373E686DCF3405,Ejecutivo/a comercial - pymes,saved_to_csv,2026-09-27T17:11:17.322072,https://ec.computrabajo.com/empleos-en-pichincha,3
1f6761e8a765f7a6,https://ec.computrabajo.com/ofertas-de-trabajo/oferta-de-trabajo-de-cajero-vendedor-tienda-de-ropa-en-scala-mall-en-quito-1E2976D397E57D5161373E686DCF3405,Cajero Vendedor tienda de ropa en Scala Mall,saved_to_csv,2026-09-27T17:11:18.475199,https://ec.computrabajo.com/empleos-en-pichincha,3
61e5ba40a1ef39db,https://ec.computrabajo.com/ofertas-de-trabajo/oferta-de-trabajo-de-asesor-comercial-full-time-en-quito-F7A6A6015FCDFF3B61373E686DCF3405,Asesor Comercial - Full time,saved_to_csv,2026-09-27T17:11:19.641492,https://ec.computrabajo.com/empleos-en-pichincha,3
fc7764e5579a2de7,https://ec.computrabajo.com/ofertas-de-trabajo/oferta-de-trabajo-de-auxiliar-de-enfermeria-en-quito-0FCD96FD01A94DB161373E686DCF3405,Auxiliar de enfermería,saved_to_csv,2026-09-27T17:11:20.807610,https://ec.computrabajo.com/empleos-en-pichincha,3
3f309de58bdf2646,https://ec.computrabajo.com/ofertas-de-trabajo/oferta-de-trabajo-de-auxiliar-de-bodega-y-bodeguero-para-importadora-en-quito-AB5AABDF45C0F2C061373E686DCF3405,Auxiliar de bodega y bodeguero - para importadora,saved_to_csv,2026-09-27T17:11:21.910066,https://ec.computrabajo.com/empleos-en-pichincha,3
1d5783bcb1fe71f0,https://ec.computrabajo.com/ofertas-de-trabajo/oferta-de-trabajo-de-enfermero-titulado-enfermerao-en-quito-475285DFAAAFC68E61373E686DCF3405,Enfermero titulado - Enfermera/o,saved_to_csv,2026-09-27T17:11:23.045104,https://ec.computrabajo.com/empleos-en-pichincha,3
9d0e3ba306e77dfb,https://ec.computrabajo.com/ofertas-de-trabajo/oferta-de-trabajo-de-coordinadora-comercial-por-honorarios-en-quito-460A0DDCB6D88B0A61373E686DCF3405,Coordinadora Comercial - Por honorarios,saved_to_csv,2026-09-27T17:11:24.196937,https://ec.computrabajo.com/empleos-en-pichincha,3
a82a8412f937b81c,https://ec.computrabajo.com/ofertas-de-trabajo/oferta-de-trabajo-de-trabajador-social-femenino-en-quito-en-quito-EBBDBE92A065500D61373E686DCF3405,Trabajador social - Femenino en Quito,saved_to_csv,2026-09-27T17:11:25.301615,https://ec.computrabajo.com/empleos-en-pichincha,3
dc86b4df5a839270,https://ec.computrabajo.com/ofertas-de-trabajo/oferta-de-trabajo-de-vendedor-almacenista-enviar-cv0939111029-en-quito-5B5B8A6C525B6B8061373E686DCF3405,Vendedor almacenista,saved_to_csv,2026-09-27T17:11:26.410686,https://ec.computrabajo.com/empleos-en-pichincha,3
a3fa81e79879abb8,https://ec.computrabajo.com/ofertas-de-trabajo/oferta-de-trabajo-de-chofer-profesional-licencia-tipo-e-en-quito-ABAB00A5366AA0C061373E686DCF3405,Chofer Profesional licencia tipo E,saved_to_csv,2026-09-27T17:11:27.536254,https://ec.computrabajo.com/empleos-en-pichincha,3
86187f573222c979,https://ec.computrabajo.com/ofertas-de-trabajo/oferta-de-trabajo-de-arquitectoa-en-quito-10251EB5B5C3221B61373E686DCF3405,Arquitecto/a,saved_to_csv,2026-09-27T17:11:28.678412,https://ec.computrabajo.com/empleos-en-pichincha,3
428f018a78196a65,https://ec.computrabajo.com/ofertas-de-trabajo/oferta-de-trabajo-de-ayudante-de-mantenimiento-electrico-ayudante-c-quito-en-quito-3E03C97B105DF57561373E686DCF3405,Ayudante de Mantenimiento Eléctrico (Ayudante C) - Quito,saved_to_csv,2026-09-27T17:11:29.765531,https://ec.computrabajo.com/empleos-en-pichincha,3
71b2e77733217d1b,https://ec.computrabajo.com/ofertas-de-trabajo/oferta-de-trabajo-de-ingeniero-de-proyectos-y-servicios-ingeniero-protecciones-electricas-en-quito-FD2B17CBAA6C32E861373E686DCF3405,Ingeniero de Proyectos y Servicios - Ingeniero protecciones eléctricas,saved_to_csv,2026-09-27T17:11:30.848575,https://ec.computrabajo.com/empleos-en-pichincha,3
3d87cb422e97ed73,https://ec.computrabajo.com/ofertas-de-trabajo/oferta-de-trabajo-de-ejecutivos-comerciales-con-experiencia-en-quito-E75436ADD2DB859A61373E686DCF3405,Ejecutivos - Comerciales con Experiencia,saved_to_csv,2026-09-27T17:11:31.957717,https://ec.computrabajo.com/empleos-en-pichincha,3
5e46ff634aa20e29,https://ec.computrabajo.com/ofertas-de-trabajo/oferta-de-trabajo-de-vendedor-rosas-en-cayambe-4B2F4BC9FCBD53B361373E686DCF3405,Vendedor Rosas,saved_to_csv,2026-09-27T17:11:33.084173,https://ec.computrabajo.com/empleos-en-pichincha,3
835d9f6286a0607f,https://ec.computrabajo.com/ofertas-de-trabajo/oferta-de-trabajo-de-asesor-de-ventacajero-en-quito-A12E085DA8DCAA8F61373E686DCF3405,Asesor de venta/Cajero,saved_to_csv,2026-09-27T17:11:34.192858,https://ec.computrabajo.com/empleos-en-pichincha,3
b8a54f4c91ed0901,https://ec.computrabajo.com/ofertas-de-trabajo/oferta-de-trabajo-de-ejecutivoa-de-venta-experiencia-en-servicios-en-quito-4AF4552ABA6B52E461373E686DCF3405,Ejecutivo/a de venta - Experiencia en servicios,saved_to_csv,2026-09-27T17:11:35.348122,https://ec.computrabajo.com/empleos-en-pichincha,3
fe26d5e8b9e7bbab,https://ec.computrabajo.com/ofertas-de-trabajo/oferta-de-trabajo-de-medico-veterinario-y-zootecnista-medico-veterinario-y-zootecnista-en-quito-0F7C6394BF1D61D461373E686DCF3405,Médico veterinario y zootecnista - Médico veterinario y zootecnista,saved_to_csv,2026-09-27T17:11:36.511717,https://ec.computrabajo.com/empleos-en-pichincha,3
8f3f89e1c0003d8e,https://ec.computrabajo.com/ofertas-de-trabajo/oferta-de-trabajo-de-rehabilitador-oral-en-quito-82F096180A9B0AF361373E686DCF3405,Rehabilitador Oral,saved_to_csv,2026-09-27T17:11:37.925352,https://ec.computrabajo.com/empleos-en-pichincha,4
ccb6aa6a6003c47c,https://ec.computrabajo.com/ofertas-de-trabajo/oferta-de-trabajo-de-gestor-cobranza-telefonica-al-sur-de-quito-en-quito-6F5D7832C1B2EB6D61373E686DCF3405,Gestor cobranza telefonica - al Sur de Quito,saved_to_csv,2026-09-27T17:11:39.051263,https://ec.computrabajo.com/empleos-en-pichincha,4
de6aa5dd4ac1cc2b,https://ec.computrabajo.com/ofertas-de-trabajo/oferta-de-trabajo-de-asistente-administrativo-call-center-al-sur-de-quito-en-quito-3CA140473A74357E61373E686DCF3405,Asistente administrativo - call center al sur de Quito,saved_to_csv,2026-09-27T17:11:40.159046,https://ec.computrabajo.com/empleos-en-pichincha,4
90407ccb1881490c,https://ec.computrabajo.com/ofertas-de-trabajo/oferta-de-trabajo-de-pasantias-pagadas-estudiantes-area-comercial-medio-turno-en-quito-5FBE66171712855561373E686DCF3405,Pasantias Pagadas - Estudiantes Área Comercial medio turno,saved_to_csv,2026-09-27T17:11:41.280666,https://ec.computrabajo.com/empleos-en-pichincha,4
d0fdde7dfbf320bf,https://ec.computrabajo.com/ofertas-de-trabajo/oferta-de-trabajo-de-asesor-de-atencion-cliente-telefonico-en-quito-BB3D7DFC67DBD4BF61373E686DCF3405,Asesor de Atención Cliente - Telefónico,saved_to_csv,2026-09-27T17:11:42.430076,https://ec.computrabajo.com/empleos-en-pichincha,4
055033debcebbc35,https://ec.computrabajo.com/ofertas-de-trabajo/oferta-de-trabajo-de-asesor-de-ventas-bilingue-portugues-en-quito-9DBF9E03CBB6F9C561373E686DCF3405,Asesor de Ventas Bilingüe – Portugués,saved_to_csv,2026-09-27T17:11:43.563169,https://ec.computrabajo.com/empleos-en-pichincha,4
b3d0ae8612fa44bd,https://ec.computrabajo.com/ofertas-de-trabajo/oferta-de-trabajo-de-auxiliar-recursos-humanos-talento-inclusivo-en-quito-E3CDFE71B806B24F61373E686DCF3405,Auxiliar Recursos Humanos - Talento Inclusivo,saved_to_csv,2026-09-27T17:11:44.696745,https://ec.computrabajo.com/empleos-en-pichincha,4
c7009da1ab2a023b,https://ec.computrabajo.com/ofertas-de-trabajo/oferta-de-trabajo-de-tecnico-instalador-calefones-electricidad-y-plomeria-en-quito-F75B7F1AA82CF89661373E686DCF3405,"Técnico instalador - Calefones, electricidad y plomería",saved_to_csv,2026-09-27T17:11:45.854656,https://ec.computrabajo.com/empleos-en-pichincha,4
8ff29e47c7a09d07,https://ec.computrabajo.com/ofertas-de-trabajo/oferta-de-trabajo-de-administrativoa-de-bodega-en-quito-1B0B41FEAB24221261373E686DCF3405,Administrativo/a de bodega,saved_to_csv,2026-09-27T17:11:47.011705,https://ec.computrabajo.com/empleos-en-pichincha,4
2fdd7421e6bc98cb,https://ec.computrabajo.com/ofertas-de-trabajo/oferta-de-trabajo-de-asesores-comerciales-atencion-al-cliente-en-quito-4A461BF70B08B39A61373E686DCF3405,Asesores Comerciales / atención al cliente,saved_to_csv,2026-09-27T17:11:48.168767,https://ec.computrabajo.com/empleos-en-pichincha,4
98834b267e791fcd,https://ec.computrabajo.com/ofertas-de-trabajo/oferta-de-trabajo-de-gestor-de-cobranza-con-o-sin-experiencia-en-quito-3E6FF112F3679B8161373E686DCF3405,Gestor de cobranza,saved_to_csv,2026-09-27T17:11:49.271542,https://ec.computrabajo.com/empleos-en-pichincha,4
e0b439e53702b8fa,https://ec.computrabajo.com/ofertas-de-trabajo/oferta-de-trabajo-de-atencion-al-cliente-por-contrato-en-quito-8DEE0DE22A210E2461373E686DCF3405,Atención al cliente - Por contrato,saved_to_csv,2026-09-27T17:11:50.401277,https://ec.computrabajo.com/empleos-en-pichincha,4
84819d06a09d7f23,https://ec.computrabajo.com/ofertas-de-trabajo/oferta-de-trabajo-de-jefe-de-mercadeo-con-experiencia-sector-farmaceutico-institucional-en-quito-28B0CDDA5624781761373E686DCF3405,Jefe de Mercadeo con experiencia sector farmaceutico - Institucional,saved_to_csv,2026-09-27T17:11:51.525388,https://ec.computrabajo.com/empleos-en-pichincha,4
e90f317f486a14f6,https://ec.computrabajo.com/ofertas-de-trabajo/oferta-de-trabajo-de-asesor-comercial-y-redes-sociales-sector-av-america-quito-en-quito-D8730CA1D77C50F061373E686DCF3405,Asesor comercial y redes sociales - Sector Av. América Quito,saved_to_csv,2026-09-27T17:11:52.663142,https://ec.computrabajo.com/empleos-en-pichincha,4
6b81d8ad093f1850,https://ec.computrabajo.com/ofertas-de-trabajo/oferta-de-trabajo-de-asistente-contabilidad-por-honorarios-en-quito-22F7F18CBD96863A61373E686DCF3405,Asistente contabilIdad - Por honorarios,saved_to_csv,2026-09-27T17:11:53.809479,https://ec.computrabajo.com/empleos-en-pichincha,4
58db99061570b7f8,https://ec.computrabajo.com/ofertas-de-trabajo/oferta-de-trabajo-de-asesor-contact-center-en-quito-549ABF18AE5C10AA61373E686DCF3405,Asesor - Contact Center,saved_to_csv,2026-09-27T17:11:54.940587,https://ec.computrabajo.com/empleos-en-pichincha,4
1866a0b63cdb3891,https://ec.computrabajo.com/ofertas-de-trabajo/oferta-de-trabajo-de-marketing-manager-junior-quito-en-quito-101B8DBC3AD353EB61373E686DCF3405,Marketing Manager Junior - Quito,saved_to_csv,2026-09-27T17:11:56.023607,https://ec.computrabajo.com/empleos-en-pichincha,4
cfa1918f7b8d3d80,https://ec.computrabajo.com/ofertas-de-trabajo/oferta-de-trabajo-de-arquitectoa-con-experiencia-en-quito-972F3F453C66A8F161373E686DCF3405,Arquitecto/a - con experiencia,saved_to_csv,2026-09-27T17:11:57.147639,https://ec.computrabajo.com/empleos-en-pichincha,4
448774ba525465eb,https://ec.computrabajo.com/ofertas-de-trabajo/oferta-de-trabajo-de-coordinador-administrativo-y-recursos-humanos-conocimiento-en-ventas-en-quito-DA63B1D1F0E3A42A61373E686DCF3405,Coordinador Administrativo y Recursos Humanos - conocimiento en ventas,saved_to_csv,2026-09-27T17:11:58.327896,https://ec.computrabajo.com/empleos-en-pichincha,4
f1d11d28a9974737,https://ec.computrabajo.com/ofertas-de-trabajo/oferta-de-trabajo-de-asistente-de-posventa-quito-en-quito-AAC67C661F62CDD161373E686DCF3405,Asistente de Posventa - Quito,saved_to_csv,2026-09-27T17:11:59.457715,https://ec.computrabajo.com/empleos-en-pichincha,4
b59869907246ad69,https://ec.computrabajo.com/ofertas-de-trabajo/oferta-de-trabajo-de-recepcionista-dental-en-quito-B07873C02D47BA9461373E686DCF3405,recepcionista dental,saved_to_csv,2026-09-27T17:12:00.803298,https://ec.computrabajo.com/empleos-en-pichincha,5
4970829efdef6397,https://ec.computrabajo.com/ofertas-de-trabajo/oferta-de-trabajo-de-vendedor-comisionista-experiencia-obligatoria-solo-quito-en-quito-27A6BBA9E77B821661373E686DCF3405,Vendedor comisionista - Experiencia obligatoria Solo Quito,saved_to_csv,2026-09-27T17:12:01.943943,https://ec.computrabajo.com/empleos-en-pichincha,5
00e41c09cc1e9200,https://ec.computrabajo.com/ofertas-de-trabajo/oferta-de-trabajo-de-asistente-dental-en-quito-65C9FF55B4D81F5661373E686DCF3405,Asistente dental,saved_to_csv,2026-09-27T17:12:03.118623,https://ec.computrabajo.com/empleos-en-pichincha,5
d4d20b2513416ce2,https://ec.computrabajo.com/ofertas-de-trabajo/oferta-de-trabajo-de-asesor-comercialtumbaco-con-experiencia-en-ventas-tecnologicas-en-quito-F50B1337D81E1CDE61373E686DCF3405,Asesor Comercial/Tumbaco - con experiencia en ventas tecnológicas,saved_to_csv,2026-09-27T17:12:04.201106,https://ec.computrabajo.com/empleos-en-pichincha,5
bbd54914d1e45123,https://ec.computrabajo.com/ofertas-de-trabajo/oferta-de-trabajo-de-recepcionista-administrativo-rrhh-ventas-en-quito-6B02EBE7AE50985C61373E686DCF3405,Recepcionista administrativo - rrhh ventas,saved_to_csv,2026-09-27T17:12:05.284282,https://ec.computrabajo.com/empleos-en-pichincha,5
a3ad8890721bce8a,https://ec.computrabajo.com/ofertas-de-trabajo/oferta-de-trabajo-de-gerente-comercial-sector-inmobiliario-y-financiero-en-quito-3C2F97500D4398E161373E686DCF3405,Gerente Comercial - Sector Inmobiliario y Financiero,saved_to_csv,2026-09-27T17:12:06.392602,https://ec.computrabajo.com/empleos-en-pichincha,5
a6843176b452c2be,https://ec.computrabajo.com/ofertas-de-trabajo/oferta-de-trabajo-de-bodegueroa-con-experiencia-en-quito-0C2A8B2E8F079FF361373E686DCF3405,Bodeguero/a - con experiencia,saved_to_csv,2026-09-27T17:12:07.519584,https://ec.computrabajo.com/empleos-en-pichincha,5
ce3635e01651191c,https://ec.computrabajo.com/ofertas-de-trabajo/oferta-de-trabajo-de-asesores-comerciales-de-estudios-en-quito-4DBB6C5CB4B1756861373E686DCF3405,Asesores Comerciales de Estudios,saved_to_csv,2026-09-27T17:12:08.674690,https://ec.computrabajo.com/empleos-en-pichincha,5
4e760d8a289f2a1d,https://ec.computrabajo.com/ofertas-de-trabajo/oferta-de-trabajo-de-ayudante-de-pasteleria-horario-nocturno-en-quito-73BC0976D3EE5B9D61373E686DCF3405,Ayudante de Pasteleria - Horario Nocturno,saved_to_csv,2026-09-27T17:12:09.821736,https://ec.computrabajo.com/empleos-en-pichincha,5
9562ee71d4cb39f7,https://ec.computrabajo.com/ofertas-de-trabajo/oferta-de-trabajo-de-pasante-contable-horarios-de-martes-a-sabados-en-quito-62B1961AAEB0352461373E686DCF3405,Pasante contable - Horarios de martes a sábados,saved_to_csv,2026-09-27T17:12:10.965983,https://ec.computrabajo.com/empleos-en-pichincha,5
a637f98ff152f163,https://ec.computrabajo.com/ofertas-de-trabajo/oferta-de-trabajo-de-contador-auditor-con-experiencia-en-quito-6CAEA4D6BA87446061373E686DCF3405,Contador auditor - Con Experiencia,saved_to_csv,2026-09-27T17:12:12.126994,https://ec.computrabajo.com/empleos-en-pichincha,5
19de4f4863fb99ca,https://ec.computrabajo.com/ofertas-de-trabajo/oferta-de-trabajo-de-asistente-comercial-y-logistico-pedidos-facturacion-y-apoyo-logistico-en-quito-E404EA746A4EB7F361373E686DCF3405,"Asistente comercial y logístico - Pedidos, facturación y apoyo logístico",saved_to_csv,2026-09-27T17:12:13.263657,https://ec.computrabajo.com/empleos-en-pichincha,5
ae3eee4fca66552d,https://ec.computrabajo.com/ofertas-de-trabajo/oferta-de-trabajo-de-ejecutivo-de-seguimiento-comercial-b2b-medio-tiempo-remoto-en-quito-0323A1ED09DC13EC61373E686DCF3405,Ejecutivo de Seguimiento Comercial B2B medio tiempo remoto,saved_to_csv,2026-09-27T17:12:14.369722,https://ec.computrabajo.com/empleos-en-pichincha,5
6691d8771aa93b38,https://ec.computrabajo.com/ofertas-de-trabajo/oferta-de-trabajo-de-personal-call-center-medio-tiempo-en-quito-E1A6393CFE03F50E61373E686DCF3405,Personal Call Center - Medio Tiempo,saved_to_csv,2026-09-27T17:12:15.510012,https://ec.computrabajo.com/empleos-en-pichincha,5
fe5a92ce1b8f13d7,https://ec.computrabajo.com/ofertas-de-trabajo/oferta-de-trabajo-de-supervisor-comercial-tiempo-completo-en-quito-C6F55CF8637FBB7B61373E686DCF3405,Supervisor Comercial - Tiempo completo,saved_to_csv,2026-09-27T17:12:16.649188,https://ec.computrabajo.com/empleos-en-pichincha,5
c1065a786d31cb37,https://ec.computrabajo.com/ofertas-de-trabajo/oferta-de-trabajo-de-asesora-de-ventas-por-comision-segundo-ingreso-software-y-tecnologia-en-quito-C891BAA08146CE7B61373E686DCF3405,Asesor/a de Ventas por Comisión (Segundo Ingreso) — Software y Tecnología,saved_to_csv,2026-09-27T17:12:17.731309,https://ec.computrabajo.com/empleos-en-pichincha,5
3ca435f7f7b7c7e2,https://ec.computrabajo.com/ofertas-de-trabajo/oferta-de-trabajo-de-coordinador-de-logistica-para-calderon-en-quito-12C2B47722124B4361373E686DCF3405,Coordinador de logistica para Calderón,saved_to_csv,2026-09-27T17:12:18.872044,https://ec.computrabajo.com/empleos-en-pichincha,5
bdefb8e7f7bc3566,https://ec.computrabajo.com/ofertas-de-trabajo/oferta-de-trabajo-de-arquitecto-residende-y-planillador-encargado-de-compras-en-quito-2216628B07D4007261373E686DCF3405,arquitecto residende y planillador - encargado de compras,saved_to_csv,2026-09-27T17:12:20.012251,https://ec.computrabajo.com/empleos-en-pichincha,5
7891d761b64b9e83,https://ec.computrabajo.com/ofertas-de-trabajo/oferta-de-trabajo-de-conductora-de-moto-en-quito-AA3AB253F18D43C661373E686DCF3405,Conductor/a - De moto,saved_to_csv,2026-09-27T17:12:21.181127,https://ec.computrabajo.com/empleos-en-pichincha,5
94f338581b0b6282,https://ec.computrabajo.com/ofertas-de-trabajo/oferta-de-trabajo-de-ejecutivoa-comercial-asesor-comercial-en-quito-9032503CF975EBB561373E686DCF3405,Ejecutivo/a comercial - asesor comercial,saved_to_csv,2026-09-27T17:12:22.323698,https://ec.computrabajo.com/empleos-en-pichincha,5
b02f873e650d5137,https://ec.computrabajo.com/ofertas-de-trabajo/oferta-de-trabajo-de-asistentea-de-secretaria-y-atencion-al-cliente-con-o-sin-experiencia-en-quito-5E79353D1393EBC761373E686DCF3405,Asistente/a de secretaria - Y Atención al Cliente Con o Sin Experiencia,saved_to_csv,2026-09-27T17:12:23.671794,https://ec.computrabajo.com/empleos-en-pichincha,6
d6fe33376cd4d5ce,https://ec.computrabajo.com/ofertas-de-trabajo/oferta-de-trabajo-de-asesor-comercial-de-servicios-financieros-en-quito-C6629BDFBFDFE0A461373E686DCF3405,Asesor Comercial de Servicios Financieros,saved_to_csv,2026-09-27T17:12:24.836833,https://ec.computrabajo.com/empleos-en-pichincha,6
a083677ebbd7e72a,https://ec.computrabajo.com/ofertas-de-trabajo/oferta-de-trabajo-de-asesor-de-ventas-tienda-cc-unicornio-accesorios-celulares-y-tecnologia-en-quito-EBE2F62EB9AD37F061373E686DCF3405,Asesor de Ventas Tienda C.C. Unicornio - Accesorios celulares y Tecnología,saved_to_csv,2026-09-27T17:12:25.989102,https://ec.computrabajo.com/empleos-en-pichincha,6
1cb38dad1f184447,https://ec.computrabajo.com/ofertas-de-trabajo/oferta-de-trabajo-de-asesora-call-center-online-en-quito-18A9F7A047A1A81D61373E686DCF3405,Asesor/a call center - Online,saved_to_csv,2026-09-27T17:12:27.132267,https://ec.computrabajo.com/empleos-en-pichincha,6
d09734e5eb726a7b,https://ec.computrabajo.com/ofertas-de-trabajo/oferta-de-trabajo-de-promotora-en-quito-48D74D0157C10D8E61373E686DCF3405,Promotora,saved_to_csv,2026-09-27T17:12:28.243024,https://ec.computrabajo.com/empleos-en-pichincha,6
c0c99f237823d804,https://ec.computrabajo.com/ofertas-de-trabajo/oferta-de-trabajo-de-cajero-vendedor-quicentro-norte-en-quito-94A7DE8B9B55D93961373E686DCF3405,Cajero Vendedor Quicentro Norte,saved_to_csv,2026-09-27T17:12:29.373491,https://ec.computrabajo.com/empleos-en-pichincha,6
a01daa1da028ff70,https://ec.computrabajo.com/ofertas-de-trabajo/oferta-de-trabajo-de-asesor-comercial-de-campo-sector-ferretero-y-plasticos-en-quito-805E8A2DD217E75861373E686DCF3405,Asesor Comercial de Campo - Sector ferretero y plásticos,saved_to_csv,2026-09-27T17:12:30.524090,https://ec.computrabajo.com/empleos-en-pichincha,6
de67725e281639a2,https://ec.computrabajo.com/ofertas-de-trabajo/oferta-de-trabajo-de-operario-mantenimiento-empresa-industrial-en-quito-79B2479C022965B461373E686DCF3405,Operario Mantenimiento Empresa Industrial,saved_to_csv,2026-09-27T17:12:31.676604,https://ec.computrabajo.com/empleos-en-pichincha,6
ed75e8c47eec4e26,https://ec.computrabajo.com/ofertas-de-trabajo/oferta-de-trabajo-de-tecnico-electronico-de-seguridad-tecnico-en-seguridad-electronica-en-quito-E8AAB50101E149FF61373E686DCF3405,Técnico electronico de seguridad - Tecnico en seguridad electronica,saved_to_csv,2026-09-27T17:12:32.801927,https://ec.computrabajo.com/empleos-en-pichincha,6
c02fb73f6b56851c,https://ec.computrabajo.com/ofertas-de-trabajo/oferta-de-trabajo-de-administrador-contable-experiencia-para-constructora-en-quito-9134CE1C329E45D961373E686DCF3405,Administrador contable - experiencia para constructora,saved_to_csv,2026-09-27T17:12:33.942853,https://ec.computrabajo.com/empleos-en-pichincha,6
25a4a2972cf5127d,https://ec.computrabajo.com/ofertas-de-trabajo/oferta-de-trabajo-de-ayudante-de-panaderia-en-quito-45A6DED33D7DC05061373E686DCF3405,Ayudante de panadería,saved_to_csv,2026-09-27T17:12:35.082353,https://ec.computrabajo.com/empleos-en-pichincha,6
8d663bb510c5fd9d,https://ec.computrabajo.com/ofertas-de-trabajo/oferta-de-trabajo-de-analista-contable-contabilidad-en-quito-728B3CA7ECEE264861373E686DCF3405,Analista contable - Contabilidad,saved_to_csv,2026-09-27T17:12:36.221476,https://ec.computrabajo.com/empleos-en-pichincha,6
c3ac3b02ddc44554,https://ec.computrabajo.com/ofertas-de-trabajo/oferta-de-trabajo-de-modistacosturera-en-quito-88712E571455879261373E686DCF3405,Modista/costurera,saved_to_csv,2026-09-27T17:12:37.415797,https://ec.computrabajo.com/empleos-en-pichincha,6
3736d8651e17118e,https://ec.computrabajo.com/ofertas-de-trabajo/oferta-de-trabajo-de-atencion-al-cliente-y-facturacion-en-quito-3E48534A9CCF782D61373E686DCF3405,Atención al Cliente y Facturación,saved_to_csv,2026-09-27T17:12:38.558574,https://ec.computrabajo.com/empleos-en-pichincha,6
f13c9bf43d194fa6,https://ec.computrabajo.com/ofertas-de-trabajo/oferta-de-trabajo-de-especialista-en-analitica-y-extraccion-avanzada-de-datos-con-experiencia-en-quito-233DDE920F4BBC5D61373E686DCF3405,Especialista en Analítica y Extracción Avanzada de Datos - con experiencia,saved_to_csv,2026-09-27T17:12:39.699277,https://ec.computrabajo.com/empleos-en-pichincha,6
31b62d68da28e3f0,https://ec.computrabajo.com/ofertas-de-trabajo/oferta-de-trabajo-de-asistente-contabilidad-soporte-tecnico-en-quito-DE14AE352DBD597061373E686DCF3405,Asistente contabilidad - soporte técnico,saved_to_csv,2026-09-27T17:12:40.806795,https://ec.computrabajo.com/empleos-en-pichincha,6
471feb51c6c4e1ea,https://ec.computrabajo.com/ofertas-de-trabajo/oferta-de-trabajo-de-atnecion-al-cliente-contratacion-inmediata-en-quito-D3FE8C0FDB593F4461373E686DCF3405,atnecion al cliente - contratación inmediata,saved_to_csv,2026-09-27T17:12:41.953074,https://ec.computrabajo.com/empleos-en-pichincha,6
9c1ed045054897a0,https://ec.computrabajo.com/ofertas-de-trabajo/oferta-de-trabajo-de-meseroa-polivalente-y-ayudante-de-cocina-en-ruminahui-C44B33C20D3157FC61373E686DCF3405,1 Parrillero 1 y 1 Ayudante de Cocina - horarios rotativos,saved_to_csv,2026-09-27T17:12:43.136920,https://ec.computrabajo.com/empleos-en-pichincha,6
585145411b11ac49,https://ec.computrabajo.com/ofertas-de-trabajo/oferta-de-trabajo-de-tecnico-electronico-temporal-en-quito-D8C6F9F3DE81382761373E686DCF3405,Técnico electrónico - temporal,saved_to_csv,2026-09-27T17:12:44.241884,https://ec.computrabajo.com/empleos-en-pichincha,6
1612acdd7e207694,https://ec.computrabajo.com/ofertas-de-trabajo/oferta-de-trabajo-de-telemercaderista-en-quito-1D4CD1D64C3EF2A161373E686DCF3405,Telemercaderista,saved_to_csv,2026-09-27T17:12:45.398864,https://ec.computrabajo.com/empleos-en-pichincha,6
1b5bfd7269b17dbf,https://ec.computrabajo.com/ofertas-de-trabajo/oferta-de-trabajo-de-ayudante-metal-mecanica-en-quito-2C1F1625F4198E6D61373E686DCF3405,Ayudante metal mecanica,saved_to_csv,2026-09-27T17:12:46.757887,https://ec.computrabajo.com/empleos-en-pichincha,7
1248245674cbe796,https://ec.computrabajo.com/ofertas-de-trabajo/oferta-de-trabajo-de-asesor-comercial-en-quito-178255FA6BC3C90A61373E686DCF3405,Asesor Comercial,saved_to_csv,2026-09-27T17:12:47.930433,https://ec.computrabajo.com/empleos-en-pichincha,7
2b05684eab7c6cd0,https://ec.computrabajo.com/ofertas-de-trabajo/oferta-de-trabajo-de-personal-polifuncional-caja-barracocina-en-quito-4A088B77B101015661373E686DCF3405,"Personal Polifuncional - caja, barra,cocina",saved_to_csv,2026-09-27T17:12:49.087886,https://ec.computrabajo.com/empleos-en-pichincha,7
fee71465594bf7b0,https://ec.computrabajo.com/ofertas-de-trabajo/oferta-de-trabajo-de-encargado-de-marketing-restobar-en-quito-D5B27A9CE2C5AB2C61373E686DCF3405,encargado de marketing - restobar,saved_to_csv,2026-09-27T17:12:50.194299,https://ec.computrabajo.com/empleos-en-pichincha,7
e8714dde1f34a187,https://ec.computrabajo.com/ofertas-de-trabajo/oferta-de-trabajo-de-contador-administrativo-con-experiencia-en-quito-696807C6B13309B461373E686DCF3405,Contador Administrativo - con experiencia,saved_to_csv,2026-09-27T17:12:51.355962,https://ec.computrabajo.com/empleos-en-pichincha,7
de4465f43623a320,https://ec.computrabajo.com/ofertas-de-trabajo/oferta-de-trabajo-de-asistente-contable-tributario-en-quito-6610B757DE583A1F61373E686DCF3405,Asistente Contable Tributario,saved_to_csv,2026-09-27T17:12:52.485577,https://ec.computrabajo.com/empleos-en-pichincha,7
ffa2c8d5f8318161,https://ec.computrabajo.com/ofertas-de-trabajo/oferta-de-trabajo-de-asesora-en-ventas-turno-el-dia-en-quito-7048D8FA83002F7261373E686DCF3405,Visitador/a médico - Turno el día,saved_to_csv,2026-09-27T17:12:53.614250,https://ec.computrabajo.com/empleos-en-pichincha,7
6916d82c9a76056b,https://ec.computrabajo.com/ofertas-de-trabajo/oferta-de-trabajo-de-electromecanicoa-automotriz-en-quito-22E682C7B11A069561373E686DCF3405,Electromecánico/a automotriz,saved_to_csv,2026-09-27T17:12:54.743390,https://ec.computrabajo.com/empleos-en-pichincha,7
359967c684d2212a,https://ec.computrabajo.com/ofertas-de-trabajo/oferta-de-trabajo-de-visitadora-medico-con-experiencia-en-quito-247E3CD185691F7661373E686DCF3405,Visitador/a médico - con experiencia,saved_to_csv,2026-09-27T17:12:55.870499,https://ec.computrabajo.com/empleos-en-pichincha,7
ec9be7d9af4b8711,https://ec.computrabajo.com/ofertas-de-trabajo/oferta-de-trabajo-de-conductora-en-quito-CEFAEE2F1428E49761373E686DCF3405,Conductor/a,saved_to_csv,2026-09-27T17:12:56.996055,https://ec.computrabajo.com/empleos-en-pichincha,7
416b02c888f73cd6,https://ec.computrabajo.com/ofertas-de-trabajo/oferta-de-trabajo-de-supervisor-comercial-call-center-quitopresencial-en-quito-A7E392F3AC022A7161373E686DCF3405,Supervisor Comercial Call Center - Quito/Presencial,saved_to_csv,2026-09-27T17:12:58.141364,https://ec.computrabajo.com/empleos-en-pichincha,7
0be46914415e4b89,https://ec.computrabajo.com/ofertas-de-trabajo/oferta-de-trabajo-de-asistente-contable-con-experiencia-en-quito-E0D4A3DF22320F5661373E686DCF3405,Asistente contable con experiencia,saved_to_csv,2026-09-27T17:12:59.309266,https://ec.computrabajo.com/empleos-en-pichincha,7
7f6aec7f19f7ae94,https://ec.computrabajo.com/ofertas-de-trabajo/oferta-de-trabajo-de-coordinador-de-proyectos-y-seguridad-industrial-sistemas-gas-centralizado-en-quito-350F939B4F0CD59A61373E686DCF3405,Coordinador de Seguridad Industrial y Proyectos - Sistemas Gas Centralizado,saved_to_csv,2026-09-27T17:13:00.448455,https://ec.computrabajo.com/empleos-en-pichincha,7
55c000182709d877,https://ec.computrabajo.com/ofertas-de-trabajo/oferta-de-trabajo-de-auxiliar-recursos-humanos-personal-con-capacidades-especiales-en-quito-BA475DB73E19787E61373E686DCF3405,Auxiliar Recursos Humanos - Personal con Capacidades Especiales,saved_to_csv,2026-09-27T17:13:01.587742,https://ec.computrabajo.com/empleos-en-pichincha,7
4de1bd0b716e5230,https://ec.computrabajo.com/ofertas-de-trabajo/oferta-de-trabajo-de-auxiliar-de-produccion-experiencia-en-panaderia-y-pasteleria-en-quito-6A0B2A4253736B2C61373E686DCF3405,Auxiliar de producción - Experiencia en panadería y pastelería,saved_to_csv,2026-09-27T17:13:02.753476,https://ec.computrabajo.com/empleos-en-pichincha,7
9460da7ff74c7350,https://ec.computrabajo.com/ofertas-de-trabajo/oferta-de-trabajo-de-urgente-analista-administrativo-para-laborar-en-quito-en-quito-B6440C25685D5D6761373E686DCF3405,Urgente analista Administrativo - Para Laborar en Quito,saved_to_csv,2026-09-27T17:13:03.892806,https://ec.computrabajo.com/empleos-en-pichincha,7
ce6101b4fb5e71d1,https://ec.computrabajo.com/ofertas-de-trabajo/oferta-de-trabajo-de-asesor-comercial-de-seguros-venta-de-seguros-en-ruminahui-EA4F91FE90F1E93C61373E686DCF3405,Asesor Comercial de seguros - Venta de Seguros,saved_to_csv,2026-09-27T17:13:05.047872,https://ec.computrabajo.com/empleos-en-pichincha,7
93ab7ccc268c5293,https://ec.computrabajo.com/ofertas-de-trabajo/oferta-de-trabajo-de-asesora-comercial-marketing-digital-tecnologia-b2b-en-quito-D58BB073604C8C0761373E686DCF3405,Asesor/a comercial - Marketing Digital Tecnología B2B,saved_to_csv,2026-09-27T17:13:06.179723,https://ec.computrabajo.com/empleos-en-pichincha,7
f47abb609cb4626c,https://ec.computrabajo.com/ofertas-de-trabajo/oferta-de-trabajo-de-coordinadora-administrativo-tiempo-completo-en-quito-7BABC691E61B203F61373E686DCF3405,Coordinador/a administrativo - Tiempo completo,saved_to_csv,2026-09-27T17:13:07.336556,https://ec.computrabajo.com/empleos-en-pichincha,7
740fa0f2b4899ab8,https://ec.computrabajo.com/ofertas-de-trabajo/oferta-de-trabajo-de-ayudante-mecanico-metal-mecanica-en-quito-5617DCA8AA9668D661373E686DCF3405,Ayudante mecánico - Metal mecánica,saved_to_csv,2026-09-27T17:13:08.472301,https://ec.computrabajo.com/empleos-en-pichincha,7
eb3a06c204df7dd4,https://ec.computrabajo.com/ofertas-de-trabajo/oferta-de-trabajo-de-administrador-comercial-vendedora-experiencia-retail-en-quito-B644033F31106D1961373E686DCF3405,Administrador comercial - vendedora experiencia retail,saved_to_csv,2026-09-27T17:13:09.848200,https://ec.computrabajo.com/empleos-en-pichincha,8
a780069fa3b553e4,https://ec.computrabajo.com/ofertas-de-trabajo/oferta-de-trabajo-de-desarrollador-python-automatizacion-de-procesos-en-quito-5603B1E545371EA461373E686DCF3405,Desarrollador Python – Automatización de Procesos,saved_to_csv,2026-09-27T17:13:10.930178,https://ec.computrabajo.com/empleos-en-pichincha,8
2d8cd0d756c375fc,https://ec.computrabajo.com/ofertas-de-trabajo/oferta-de-trabajo-de-asesora-educativo-activo-dinamico-en-quito-E281A7EAE7C23E4461373E686DCF3405,Asesor/a educativo - Activo Dinamico,saved_to_csv,2026-09-27T17:13:12.075179,https://ec.computrabajo.com/empleos-en-pichincha,8
f1a7437f16ff9849,https://ec.computrabajo.com/ofertas-de-trabajo/oferta-de-trabajo-de-vendedor-almacenista-en-quito-965615B0EC95704A61373E686DCF3405,Asesor Comercial,saved_to_csv,2026-09-27T17:13:13.192299,https://ec.computrabajo.com/empleos-en-pichincha,8
73a582cbe7b1f7f3,https://ec.computrabajo.com/ofertas-de-trabajo/oferta-de-trabajo-de-desarrollador-python-automatizacion-de-procesos-en-quito-7AF4470DA4273E3061373E686DCF3405,Desarrollador Python – Automatización de Procesos,saved_to_csv,2026-09-27T17:13:14.297960,https://ec.computrabajo.com/empleos-en-pichincha,8
d955a3bdeb7fceef,https://ec.computrabajo.com/ofertas-de-trabajo/oferta-de-trabajo-de-barista-con-experiencia-en-quito-B4A9E1BAF259E88961373E686DCF3405,Barista - con experiencia,saved_to_csv,2026-09-27T17:13:15.483445,https://ec.computrabajo.com/empleos-en-pichincha,8
5b1d92079ddb4799,https://ec.computrabajo.com/ofertas-de-trabajo/oferta-de-trabajo-de-se-solicita-vendedores-por-temporada-navidena-en-quito-80B1F9DBA4FFAE5A61373E686DCF3405,Se solicita vendedores por temporada navideña,saved_to_csv,2026-09-27T17:13:16.618513,https://ec.computrabajo.com/empleos-en-pichincha,8
9316af8d3601850d,https://ec.computrabajo.com/ofertas-de-trabajo/oferta-de-trabajo-de-tecnicos-de-campo-conocimiento-en-hvac-en-ruminahui-309481304A76E1CE61373E686DCF3405,Técnicos de Campo - Conocimiento en HVAC,saved_to_csv,2026-09-27T17:13:17.727359,https://ec.computrabajo.com/empleos-en-pichincha,8
fad61080645c6d0a,https://ec.computrabajo.com/ofertas-de-trabajo/oferta-de-trabajo-de-coordinador-academico-en-quito-8EFACADBE40C9DB561373E686DCF3405,Coordinador académico,saved_to_csv,2026-09-27T17:13:18.868505,https://ec.computrabajo.com/empleos-en-pichincha,8
7e5206720910eed9,https://ec.computrabajo.com/ofertas-de-trabajo/oferta-de-trabajo-de-vendedor-de-almacen-norte-de-quito-en-quito-CBF56BCE5483818161373E686DCF3405,Vendedor de almacén - Norte de Quito,saved_to_csv,2026-09-27T17:13:20.009485,https://ec.computrabajo.com/empleos-en-pichincha,8
da6b68d24bd53b13,https://ec.computrabajo.com/ofertas-de-trabajo/oferta-de-trabajo-de-tecnologoa-electromecanico-1-ano-de-experiencia-sur-de-quito-en-quito-8B45CDD50C12366A61373E686DCF3405,Tecnólogo/a electromecánico - 1 año de experiencia sur de Quito,saved_to_csv,2026-09-27T17:13:21.124167,https://ec.computrabajo.com/empleos-en-pichincha,8
bfb4390cdd33fc33,https://ec.computrabajo.com/ofertas-de-trabajo/oferta-de-trabajo-de-tecnico-mecanico-industrial-1-ano-de-experiencia-sur-de-quito-en-quito-E089C1A6852C5C3E61373E686DCF3405,Técnico mécanico Industrial - 1 año de experiencia sur de Quito,saved_to_csv,2026-09-27T17:13:22.246460,https://ec.computrabajo.com/empleos-en-pichincha,8
3d7f810896f103e0,https://ec.computrabajo.com/ofertas-de-trabajo/oferta-de-trabajo-de-bachiller-tecnico-sur-de-quito-en-quito-B15898123354CB7E61373E686DCF3405,Bachiller técnico - Sur de Quito,saved_to_csv,2026-09-27T17:13:23.328281,https://ec.computrabajo.com/empleos-en-pichincha,8
5000c4a01c974c12,https://ec.computrabajo.com/ofertas-de-trabajo/oferta-de-trabajo-de-vendedor-de-mostrador-polifuncional-turnos-y-rotacion-a-locales-centros-comerciales-en-quito-CB39C82E91441B8F61373E686DCF3405,Vendedor de Mostrador Polifuncional,saved_to_csv,2026-09-27T17:13:24.495103,https://ec.computrabajo.com/empleos-en-pichincha,8
a13d5e474a1c4df2,https://ec.computrabajo.com/ofertas-de-trabajo/oferta-de-trabajo-de-analista-de-presupuesto-en-quito-4378535B7C62906D61373E686DCF3405,Analista de presupuesto,saved_to_csv,2026-09-27T17:13:25.632000,https://ec.computrabajo.com/empleos-en-pichincha,8
1a2495de762e031b,https://ec.computrabajo.com/ofertas-de-trabajo/oferta-de-trabajo-de-senior-de-auditoria-en-quito-92F37B89C6CF879861373E686DCF3405,Senior de Auditoría,saved_to_csv,2026-09-27T17:13:26.783717,https://ec.computrabajo.com/empleos-en-pichincha,8
3fdbb83054b244ca,https://ec.computrabajo.com/ofertas-de-trabajo/oferta-de-trabajo-de-pintor-lacador-jornada-normal-en-quito-10F0ED022DD3115061373E686DCF3405,Pintor/ Lacador - Jornada normal,saved_to_csv,2026-09-27T17:13:27.934525,https://ec.computrabajo.com/empleos-en-pichincha,8
7a72014937cd64af,https://ec.computrabajo.com/ofertas-de-trabajo/oferta-de-trabajo-de-asistente-de-comercio-exterior-ing-comercio-exterior-o-negocios-internacionales-en-quito-FA13DF240D1F1CA961373E686DCF3405,Asistente de Comercio Exterior - Ing. Comercio exterior o Negocios Internacionales,saved_to_csv,2026-09-27T17:13:29.049678,https://ec.computrabajo.com/empleos-en-pichincha,8
67e42bbc6f775bca,https://ec.computrabajo.com/ofertas-de-trabajo/oferta-de-trabajo-de-pasteleros-chocolateros-o-ayudantes-pasteria-chocolateria-en-quito-FA5C500349FB537261373E686DCF3405,"Pasteleros, chocolateros o ayudantes - Pastería Chocolatería",saved_to_csv,2026-09-27T17:13:30.203677,https://ec.computrabajo.com/empleos-en-pichincha,8
3c0a940ce1ad4d62,https://ec.computrabajo.com/ofertas-de-trabajo/oferta-de-trabajo-de-supervisor-produccion-en-quito-A15F48E02818C70561373E686DCF3405,Supervisor Producción,saved_to_csv,2026-09-27T17:13:31.341205,https://ec.computrabajo.com/empleos-en-pichincha,8
c84e2095fb586363,https://ec.computrabajo.com/ofertas-de-trabajo/oferta-de-trabajo-de-inicia-tu-carrera-en-enfermeria-con-experiencia-en-un-reconocido-centro-medico-turno-diurno-en-quito-E7B8CA295B9075F761373E686DCF3405,Inicia tu Carrera en Enfermería con Experiencia en un Reconocido Centro Médico” - Turno diurno,saved_to_csv,2026-09-27T17:13:32.750488,https://ec.computrabajo.com/empleos-en-pichincha,9
c07a2dd26153c278,https://ec.computrabajo.com/ofertas-de-trabajo/oferta-de-trabajo-de-maestroa-carpintero-en-quito-38835ED1A900E2D261373E686DCF3405,Maestro/a carpintero,saved_to_csv,2026-09-27T17:13:33.866295,https://ec.computrabajo.com/empleos-en-pichincha,9
80d69a0452915133,https://ec.computrabajo.com/ofertas-de-trabajo/oferta-de-trabajo-de-tornero-fresador-en-quito-A04D404A195F5DD761373E686DCF3405,Tornero fresador,saved_to_csv,2026-09-27T17:13:35.031602,https://ec.computrabajo.com/empleos-en-pichincha,9
d57e16d79a3ccfdd,https://ec.computrabajo.com/ofertas-de-trabajo/oferta-de-trabajo-de-armador-mecanico-industrial-en-quito-C865EF5DB042742961373E686DCF3405,Armador mecánico industrial,saved_to_csv,2026-09-27T17:13:36.166069,https://ec.computrabajo.com/empleos-en-pichincha,9
6f31bcfc61ac13be,https://ec.computrabajo.com/ofertas-de-trabajo/oferta-de-trabajo-de-agente-de-cobranzas-en-quito-6C13599CB99AD36A61373E686DCF3405,Agente de cobranzas,saved_to_csv,2026-09-27T17:13:37.308217,https://ec.computrabajo.com/empleos-en-pichincha,9
50ed031101c92e8d,https://ec.computrabajo.com/ofertas-de-trabajo/oferta-de-trabajo-de-asistente-de-produccion-con-experiencia-en-quito-0F4AF0CEC099483361373E686DCF3405,Asistente de producción - con experiencia,saved_to_csv,2026-09-27T17:13:38.450685,https://ec.computrabajo.com/empleos-en-pichincha,9
8fbb9cfaa369c043,https://ec.computrabajo.com/ofertas-de-trabajo/oferta-de-trabajo-de-trafficker-digital-media-buyer-en-quito-0191170270B456C361373E686DCF3405,Trafficker Digital / Media Buyer,saved_to_csv,2026-09-27T17:13:39.556863,https://ec.computrabajo.com/empleos-en-pichincha,9
7e62a59b0e03edbc,https://ec.computrabajo.com/ofertas-de-trabajo/oferta-de-trabajo-de-medico-ginecologo-especialista-de-ginecologia-en-quito-17E2936409708F9761373E686DCF3405,Médico Ginecólogo - Especialista de Ginecología,saved_to_csv,2026-09-27T17:13:40.711066,https://ec.computrabajo.com/empleos-en-pichincha,9
a30ed6f224dd6ff5,https://ec.computrabajo.com/ofertas-de-trabajo/oferta-de-trabajo-de-asesora-comercial-ejecutivo-comercial-en-quito-DF298AB0CD15CAD761373E686DCF3405,Asesor/a comercial - Ejecutivo Comercial,saved_to_csv,2026-09-27T17:13:41.854369,https://ec.computrabajo.com/empleos-en-pichincha,9
b5adeec6141d9cbe,https://ec.computrabajo.com/ofertas-de-trabajo/oferta-de-trabajo-de-analista-de-marketing-en-quito-6E0E533D7B10209661373E686DCF3405,Analista de marketing,saved_to_csv,2026-09-27T17:13:42.994736,https://ec.computrabajo.com/empleos-en-pichincha,9
8d766d32e00b1c7d,https://ec.computrabajo.com/ofertas-de-trabajo/oferta-de-trabajo-de-representante-bilingue-de-desarrollo-comercial-ingles-avanzado-en-quito-FD73AB065470634B61373E686DCF3405,Representante Bilingue de Desarrollo Comercial - (Inglés Avanzado),saved_to_csv,2026-09-27T17:13:44.139590,https://ec.computrabajo.com/empleos-en-pichincha,9
4ee84a08b954cf60,https://ec.computrabajo.com/ofertas-de-trabajo/oferta-de-trabajo-de-asesores-de-telemarketing-home-office-en-quito-D855ECC1ECE75D9061373E686DCF3405,Asesores de telemarketing - Home Office,saved_to_csv,2026-09-27T17:13:45.283943,https://ec.computrabajo.com/empleos-en-pichincha,9
fd0677f82b748aa8,https://ec.computrabajo.com/ofertas-de-trabajo/oferta-de-trabajo-de-medicoa-medico-general-en-quito-0A7305EE3D14197261373E686DCF3405,Médico/a - Medico General,saved_to_csv,2026-09-27T17:13:46.428286,https://ec.computrabajo.com/empleos-en-pichincha,9
276ffecaf3046ee8,https://ec.computrabajo.com/ofertas-de-trabajo/oferta-de-trabajo-de-asistente-administrativo-nivel-de-ingles-exelente-en-quito-92C1D665E2100CF461373E686DCF3405,Asistente Administrativo - Nivel de Ingles Exelente,saved_to_csv,2026-09-27T17:13:47.567947,https://ec.computrabajo.com/empleos-en-pichincha,9
46d076b3c0e1ab15,https://ec.computrabajo.com/ofertas-de-trabajo/oferta-de-trabajo-de-auxiliar-de-enfermeria-y-admisionista-por-honorarios-en-quito-A6A2E55F34CDED2F61373E686DCF3405,Auxiliar de enfermeria y Admisionista - Por honorarios,saved_to_csv,2026-09-27T17:13:48.705616,https://ec.computrabajo.com/empleos-en-pichincha,9
d72fa35acdeb2a39,https://ec.computrabajo.com/ofertas-de-trabajo/oferta-de-trabajo-de-community-manager-marketing-digital-en-quito-EA7091961EC4D35061373E686DCF3405,Community manager - Marketing Digital,saved_to_csv,2026-09-27T17:13:49.810351,https://ec.computrabajo.com/empleos-en-pichincha,9
5d8bd3a623fdb269,https://ec.computrabajo.com/ofertas-de-trabajo/oferta-de-trabajo-de-asistente-de-contabilidad-quito-en-quito-C5D691FD2B054C6861373E686DCF3405,Asistente de Contabilidad - Quito,saved_to_csv,2026-09-27T17:13:50.945688,https://ec.computrabajo.com/empleos-en-pichincha,9
7294ef4cedbbe9f3,https://ec.computrabajo.com/ofertas-de-trabajo/oferta-de-trabajo-de-asistente-administrativa-con-experiencia-en-quito-F7642374562B34A861373E686DCF3405,Asistente Administrativa - con experiencia,saved_to_csv,2026-09-27T17:13:52.085642,https://ec.computrabajo.com/empleos-en-pichincha,9
b5e0bc665f3137f5,https://ec.computrabajo.com/ofertas-de-trabajo/oferta-de-trabajo-de-electricista-con-experiencia-minima-2-anos-en-quito-0E0111EBB256BC0061373E686DCF3405,Electricista - Con experiencia mínima 2 años,saved_to_csv,2026-09-27T17:13:53.212002,https://ec.computrabajo.com/empleos-en-pichincha,9
670a0e1eedb5605c,https://ec.computrabajo.com/ofertas-de-trabajo/oferta-de-trabajo-de-asesora-de-atencion-al-cliente-orientacion-al-servicio-en-quito-D0C51616601B967661373E686DCF3405,Asesor/a de atención al cliente - Orientación al Servicio,saved_to_csv,2026-09-27T17:13:54.342135,https://ec.computrabajo.com/empleos-en-pichincha,9
2c6318d5fd2d43d2,https://ec.computrabajo.com/ofertas-de-trabajo/oferta-de-trabajo-de-asesor-comercial-mayorista-de-tecnologia-en-quito-57196B38C3C14B0A61373E686DCF3405,Asesor Comercial - Mayorista de tecnología,saved_to_csv,2026-09-27T17:13:55.709553,https://ec.computrabajo.com/empleos-en-pichincha,10
264c8acc49f094cc,https://ec.computrabajo.com/ofertas-de-trabajo/oferta-de-trabajo-de-ejecutivo-de-ventas-comisionista-en-quito-EAF5C0B4896422B761373E686DCF3405,Ejecutivo de ventas comisionista,saved_to_csv,2026-09-27T17:13:56.858138,https://ec.computrabajo.com/empleos-en-pichincha,10
77ebf1902f5f12da,https://ec.computrabajo.com/ofertas-de-trabajo/oferta-de-trabajo-de-jefe-de-taller-supervisor-de-produccion-en-quito-7542732967300C3161373E686DCF3405,Jefe de Taller / Supervisor de Producción,saved_to_csv,2026-09-27T17:13:58.004441,https://ec.computrabajo.com/empleos-en-pichincha,10
ee4b8b09d8f8dd09,https://ec.computrabajo.com/ofertas-de-trabajo/oferta-de-trabajo-de-teachers-de-ingles-online-en-quito-905A4891BEAD652D61373E686DCF3405,teachers de ingles online,saved_to_csv,2026-09-27T17:13:59.192809,https://ec.computrabajo.com/empleos-en-pichincha,10
fbcce2ff43deea38,https://ec.computrabajo.com/ofertas-de-trabajo/oferta-de-trabajo-de-mecanico-automotriz-en-vehiculos-multimarca-diesel-y-gasolina-en-quito-BA6D6AEA661F5B0A61373E686DCF3405,Mecánico automotriz - En vehículos multimarca Diesel y gasolina,saved_to_csv,2026-09-27T17:14:00.321679,https://ec.computrabajo.com/empleos-en-pichincha,10
9931f5b0b33102fb,https://ec.computrabajo.com/ofertas-de-trabajo/oferta-de-trabajo-de-ayudante-de-cocina-con-experiencia-en-restaurantes-en-ruminahui-DA5ECABDC2569DCA61373E686DCF3405,Ayudante de cocina - con experiencia en restaurantes,saved_to_csv,2026-09-27T17:14:01.451561,https://ec.computrabajo.com/empleos-en-pichincha,10
305feadd722c7910,https://ec.computrabajo.com/ofertas-de-trabajo/oferta-de-trabajo-de-tecnico-en-mecanizados-cnc-en-quito-FC987BA20EC8036461373E686DCF3405,Técnico en Mecanizados CNC,saved_to_csv,2026-09-27T17:14:02.615491,https://ec.computrabajo.com/empleos-en-pichincha,10
e319bbf701f3a861,https://ec.computrabajo.com/ofertas-de-trabajo/oferta-de-trabajo-de-asesor-comercial-ventas-asesor-comercial-con-experiencia-en-quito-23171CA6115AF66B61373E686DCF3405,Asesor comercial ventas - Asesor comercial con experiencia,saved_to_csv,2026-09-27T17:14:03.779876,https://ec.computrabajo.com/empleos-en-pichincha,10
acac729ee43fa33d,https://ec.computrabajo.com/ofertas-de-trabajo/oferta-de-trabajo-de-asesora-de-negocios-b2b-en-quito-EB09BB85F06AEE5A61373E686DCF3405,Asesor/a de negocios B2B,saved_to_csv,2026-09-27T17:14:04.920791,https://ec.computrabajo.com/empleos-en-pichincha,10
6e701def5a4127df,https://ec.computrabajo.com/ofertas-de-trabajo/oferta-de-trabajo-de-vendedor-junior-bilingue-ingles-avanzado-en-quito-384C8D669199DD7861373E686DCF3405,Vendedor Júnior Bilingüe - (Inglés Avanzado),saved_to_csv,2026-09-27T17:14:06.069701,https://ec.computrabajo.com/empleos-en-pichincha,10
5b3a09a62a5d78d1,https://ec.computrabajo.com/ofertas-de-trabajo/oferta-de-trabajo-de-contador-contadora-experiencia-3-anos-en-quito-DF3F69FF615D938161373E686DCF3405,Contador / Contadora - Experiencia 3 años,saved_to_csv,2026-09-27T17:14:07.219853,https://ec.computrabajo.com/empleos-en-pichincha,10
64ae9d9f456ba22d,https://ec.computrabajo.com/ofertas-de-trabajo/oferta-de-trabajo-de-asesora-comercial-retail-de-moda-en-quito-9E4F52076FE0AB2361373E686DCF3405,Asesora Comercial - Retail de Moda,saved_to_csv,2026-09-27T17:14:08.371373,https://ec.computrabajo.com/empleos-en-pichincha,10
7a3e70dc69ab811e,https://ec.computrabajo.com/ofertas-de-trabajo/oferta-de-trabajo-de-operador-logistico-pifo-tababela-en-quito-FB38A1A0EB87CAB561373E686DCF3405,Operador Logístico (Pifo Tababela),saved_to_csv,2026-09-27T17:14:09.520109,https://ec.computrabajo.com/empleos-en-pichincha,10
387fcc7d485de02c,https://ec.computrabajo.com/ofertas-de-trabajo/oferta-de-trabajo-de-auxiliar-de-limpieza-y-mantenimiento-por-honorarios-en-quito-1ECF81CF5ADC1F8B61373E686DCF3405,Auxiliar de Limpieza y Mantenimiento - Por honorarios,saved_to_csv,2026-09-27T17:14:10.687207,https://ec.computrabajo.com/empleos-en-pichincha,10
4172d9c1632d39f1,https://ec.computrabajo.com/ofertas-de-trabajo/oferta-de-trabajo-de-director-comercial-sierra-en-quito-4EC1FCED6275A70461373E686DCF3405,Director Comercial - Sierra,saved_to_csv,2026-09-27T17:14:11.825572,https://ec.computrabajo.com/empleos-en-pichincha,10
e666bd570730963e,https://ec.computrabajo.com/ofertas-de-trabajo/oferta-de-trabajo-de-medico-reumatologo-reumatologo-en-quito-B1181EDA8AC9907F61373E686DCF3405,Médico Reumatólogo - Reumatólogo,saved_to_csv,2026-09-27T17:14:12.982756,https://ec.computrabajo.com/empleos-en-pichincha,10
ef81ea07e75fa618,https://ec.computrabajo.com/ofertas-de-trabajo/oferta-de-trabajo-de-cajero-vendedor-tienda-de-ropa-en-scala-mall-en-quito-C648511A7A5AD32461373E686DCF3405,Cajero Vendedor tienda de ropa en Scala Mall,saved_to_csv,2026-09-27T17:14:14.133802,https://ec.computrabajo.com/empleos-en-pichincha,10
2426b54234345c20,https://ec.computrabajo.com/ofertas-de-trabajo/oferta-de-trabajo-de-asesor-comercialrepuestos-de-carros-lubricantes-ventas-de-llantas-quito-ventas-en-friosector-automotriz-en-quito-F11F73EC53437BF761373E686DCF3405,Asesor comercial/repuestos de carros lubricantes/ ventas de llantas/ Quito - Ventas en frio/sector automotriz,saved_to_csv,2026-09-27T17:14:15.276156,https://ec.computrabajo.com/empleos-en-pichincha,10
1b4a2818d39618a1,https://ec.computrabajo.com/ofertas-de-trabajo/oferta-de-trabajo-de-ejecutivo-comercial-area-de-salud-en-quito-0D35ED12AFBA581061373E686DCF3405,Ejecutivo Comercial – Área de Salud,saved_to_csv,2026-09-27T17:14:16.422637,https://ec.computrabajo.com/empleos-en-pichincha,10
9662dec2f0da6009,https://ec.computrabajo.com/ofertas-de-trabajo/oferta-de-trabajo-de-practicante-administrativa-administracionmarketing-en-quito-6D06629837D6705061373E686DCF3405,Practicante Administrativa - Administración/Marketing,saved_to_csv,2026-09-27T17:14:17.559832,https://ec.computrabajo.com/empleos-en-pichincha,10
fcd2bdb52d19368a,https://ec.computrabajo.com/ofertas-de-trabajo/oferta-de-trabajo-de-asistente-contable-con-conocimientos-costos-asistente-contable-con-conocimientos-costos-en-ruminahui-EAC7A01B789ABCB261373E686DCF3405,Asistente contable con conocimientos costos - Asistente Contable con conocimientos costos,saved_to_csv,2026-09-27T17:14:18.965189,https://ec.computrabajo.com/empleos-en-pichincha,11
eddfe88902a805c8,https://ec.computrabajo.com/ofertas-de-trabajo/oferta-de-trabajo-de-ejecutivo-de-ventas-b2b-closer-automatizaciones-de-alto-ticket-en-quito-F4E1C2CB3B904DA361373E686DCF3405,Ejecutivo de Ventas B2B / Closer - Automatizaciones de Alto Ticket,saved_to_csv,2026-09-27T17:14:20.112891,https://ec.computrabajo.com/empleos-en-pichincha,11
b6d8941b4997e63c,https://ec.computrabajo.com/ofertas-de-trabajo/oferta-de-trabajo-de-asesores-comerciales-salario-fijo-comisiones-en-quito-FF870A3A95DF6DE361373E686DCF3405,Asesores comerciales - Salario fijo + comisiones,saved_to_csv,2026-09-27T17:14:21.250404,https://ec.computrabajo.com/empleos-en-pichincha,11
7b1c19b2112e5808,https://ec.computrabajo.com/ofertas-de-trabajo/oferta-de-trabajo-de-jefe-e-control-financiero-y-contable-en-quito-0013BE469F84E65B61373E686DCF3405,Jefe e Control Financiero y Contable,saved_to_csv,2026-09-27T17:14:22.389968,https://ec.computrabajo.com/empleos-en-pichincha,11
d15ebebf528c8acd,https://ec.computrabajo.com/ofertas-de-trabajo/oferta-de-trabajo-de-ejecutiva-de-marketing-digital-y-desarrollo-comercial-en-quito-48352D5B153C5A9461373E686DCF3405,Ejecutiva de Marketing Digital y Desarrollo Comercial,saved_to_csv,2026-09-27T17:14:23.512698,https://ec.computrabajo.com/empleos-en-pichincha,11
8d5fefa9735a5d7c,https://ec.computrabajo.com/ofertas-de-trabajo/oferta-de-trabajo-de-auxiliar-administrativo-contable-atencion-al-cliente-en-quito-5EF1A2140BEFA90A61373E686DCF3405,Auxiliar administrativo contable - Atención al cliente,saved_to_csv,2026-09-27T17:14:24.664692,https://ec.computrabajo.com/empleos-en-pichincha,11
a40f7b00d134e8b1,https://ec.computrabajo.com/ofertas-de-trabajo/oferta-de-trabajo-de-secretarioa-en-quito-4E73B92E76EE206061373E686DCF3405,Secretario/a,saved_to_csv,2026-09-27T17:14:25.794691,https://ec.computrabajo.com/empleos-en-pichincha,11
19538fd6ad2e61fb,https://ec.computrabajo.com/ofertas-de-trabajo/oferta-de-trabajo-de-auxiliar-de-cocina-disponibilidad-inmediata-en-quito-DE1FDC71871B11C161373E686DCF3405,Auxiliar de cocina - Disponibilidad Inmediata,saved_to_csv,2026-09-27T17:14:26.953821,https://ec.computrabajo.com/empleos-en-pichincha,11
a0a2533716e8da5e,https://ec.computrabajo.com/ofertas-de-trabajo/oferta-de-trabajo-de-analista-administrativo-y-contable-sin-experiencia-en-quito-B4E02AB7D22C8EE561373E686DCF3405,Analista administrativo y contable - Sin experiencia,saved_to_csv,2026-09-27T17:14:28.123826,https://ec.computrabajo.com/empleos-en-pichincha,11
bf005c3fce4dc93b,https://ec.computrabajo.com/ofertas-de-trabajo/oferta-de-trabajo-de-recepcionista-administrativo-diurno-sin-experiencia-en-quito-66C919EF5D3C9CE761373E686DCF3405,Recepcionista administrativo - Diurno sin experiencia,saved_to_csv,2026-09-27T17:14:29.272022,https://ec.computrabajo.com/empleos-en-pichincha,11
365d4e64db41472e,https://ec.computrabajo.com/ofertas-de-trabajo/oferta-de-trabajo-de-vendedora-bilungue-en-quito-08E7D4AC4126BB7061373E686DCF3405,Vendedora Bilungue,saved_to_csv,2026-09-27T17:14:30.420642,https://ec.computrabajo.com/empleos-en-pichincha,11
ebd860b8d96ef540,https://ec.computrabajo.com/ofertas-de-trabajo/oferta-de-trabajo-de-guardia-agente-de-seguridad-aeroportuaria-en-quito-AB068B47C123B46961373E686DCF3405,Guardia - Agente de Seguridad Aeroportuaria,saved_to_csv,2026-09-27T17:14:31.544592,https://ec.computrabajo.com/empleos-en-pichincha,11
cbe947343b1f5e6b,https://ec.computrabajo.com/ofertas-de-trabajo/oferta-de-trabajo-de-docente-universitario-multidiciplinario-en-quito-9486238AB57276E261373E686DCF3405,Docente Universitario - Multidiciplinario,saved_to_csv,2026-09-27T17:14:32.662274,https://ec.computrabajo.com/empleos-en-pichincha,11
9079adce6975a045,https://ec.computrabajo.com/ofertas-de-trabajo/oferta-de-trabajo-de-gestor-financiero-legal-atencion-al-cliente-apoyo-en-ventas-en-quito-DF57AD488921173661373E686DCF3405,"Gestor Financiero Legal - Atención al cliente, apoyo en ventas",saved_to_csv,2026-09-27T17:14:33.835815,https://ec.computrabajo.com/empleos-en-pichincha,11
4745e01b0b00a527,https://ec.computrabajo.com/ofertas-de-trabajo/oferta-de-trabajo-de-bodeguero-para-empresa-mayorista-ferretera-en-quito-9D66EF2AD5BF67E861373E686DCF3405,Bodeguero - Para empresa mayorista ferretera,saved_to_csv,2026-09-27T17:14:35.002883,https://ec.computrabajo.com/empleos-en-pichincha,11
5641fc29c14d4258,https://ec.computrabajo.com/ofertas-de-trabajo/oferta-de-trabajo-de-perfil-del-cargo-mensajero-con-moto-propia-que-viva-por-el-norte-de-quito-en-quito-1B134B8E960C199A61373E686DCF3405,Perfil del cargo: Mensajero con moto propia - que viva por el Norte de Quito,saved_to_csv,2026-09-27T17:14:36.147920,https://ec.computrabajo.com/empleos-en-pichincha,11
d61ec7701d26c363,https://ec.computrabajo.com/ofertas-de-trabajo/oferta-de-trabajo-de-agente-de-ventas-bilingue-remoto-capacitacion-pagada-en-quito-549A54F339B332C461373E686DCF3405,"Agente de ventas - Bilingüe, Remoto, Capacitación pagada",saved_to_csv,2026-09-27T17:14:37.289240,https://ec.computrabajo.com/empleos-en-pichincha,11
297bc74594cd98c0,https://ec.computrabajo.com/ofertas-de-trabajo/oferta-de-trabajo-de-encargado-de-auditoria-en-quito-7F948993FD9A7FF861373E686DCF3405,Encargado de Auditoría,saved_to_csv,2026-09-27T17:14:38.450469,https://ec.computrabajo.com/empleos-en-pichincha,11
8d42fe68e6ba2d7d,https://ec.computrabajo.com/ofertas-de-trabajo/oferta-de-trabajo-de-vendedor-autopartes-en-quito-76AE1423E2AD77A761373E686DCF3405,Vendedor autopartes,saved_to_csv,2026-09-27T17:14:39.610064,https://ec.computrabajo.com/empleos-en-pichincha,11
fd06e384a1ee81a8,https://ec.computrabajo.com/ofertas-de-trabajo/oferta-de-trabajo-de-tecnico-eletrico-con-experiencia-comprobable-en-quito-9A0FD94C255BF5DC61373E686DCF3405,Técnico eletrico - con experiencia comprobable,saved_to_csv,2026-09-27T17:14:40.715291,https://ec.computrabajo.com/empleos-en-pichincha,11
3544720d23046e4f,https://ec.computrabajo.com/ofertas-de-trabajo/oferta-de-trabajo-de-vendedor-de-mostrador-en-quito-68B955906D52B1D161373E686DCF3405,vendedor de mostrador,saved_to_csv,2026-09-27T17:14:42.060396,https://ec.computrabajo.com/empleos-en-pichincha,12
311bdbe28c9b1466,https://ec.computrabajo.com/ofertas-de-trabajo/oferta-de-trabajo-de-ejecutiva-de-servicio-al-cliente-para-compania-de-seguros-en-quito-F6CD823F7CE3D33F61373E686DCF3405,Ejecutiva de Servicio al Cliente - para Compañía de Seguros,saved_to_csv,2026-09-27T17:14:43.230794,https://ec.computrabajo.com/empleos-en-pichincha,12
cdc5b3e7f574774b,https://ec.computrabajo.com/ofertas-de-trabajo/oferta-de-trabajo-de-instructor-curso-de-peluqueria-en-quito-9ED51BD13982C51061373E686DCF3405,Instructor Curso de Peluquería,saved_to_csv,2026-09-27T17:14:44.341714,https://ec.computrabajo.com/empleos-en-pichincha,12
7e20537cc62af22a,https://ec.computrabajo.com/ofertas-de-trabajo/oferta-de-trabajo-de-almacenista-auxiliar-de-almacen-turno-diurno-sin-experiencia-en-quito-FB558AF691B1692861373E686DCF3405,Almacenista auxiliar de almacén - Turno diurno sin experiencia,saved_to_csv,2026-09-27T17:14:45.478396,https://ec.computrabajo.com/empleos-en-pichincha,12
e7ddb5d15bf6204f,https://ec.computrabajo.com/ofertas-de-trabajo/oferta-de-trabajo-de-ingeniero-automotriz-para-compania-de-seguros-en-quito-0995F1A5D6F10D2C61373E686DCF3405,Ingeniero Automotriz - para Compañía de Seguros,saved_to_csv,2026-09-27T17:14:46.617989,https://ec.computrabajo.com/empleos-en-pichincha,12
81e960d130150c18,https://ec.computrabajo.com/ofertas-de-trabajo/oferta-de-trabajo-de-instructor-curso-de-ingles-nivel-intermedio-b1-en-quito-C640C44C7AC7A54F61373E686DCF3405,Instructor Curso de Inglés – Nivel Intermedio B1,saved_to_csv,2026-09-27T17:14:47.751706,https://ec.computrabajo.com/empleos-en-pichincha,12
63b19e1508bf0285,https://ec.computrabajo.com/ofertas-de-trabajo/oferta-de-trabajo-de-instructor-preuniversitario-aptitudes-en-quito-F5FCB19C77542C4D61373E686DCF3405,Instructor Preuniversitario (Aptitudes),saved_to_csv,2026-09-27T17:14:48.862048,https://ec.computrabajo.com/empleos-en-pichincha,12
f860c536bca8af39,https://ec.computrabajo.com/ofertas-de-trabajo/oferta-de-trabajo-de-ayudante-metalmecanica-en-mejia-7493D5B2DCC882DC61373E686DCF3405,Ayudante Metalmecanica,saved_to_csv,2026-09-27T17:14:50.028011,https://ec.computrabajo.com/empleos-en-pichincha,12
f0ccf04f85313a46,https://ec.computrabajo.com/ofertas-de-trabajo/oferta-de-trabajo-de-instructor-curso-de-etnoeducacion-en-quito-C8D871CE39B03D4B61373E686DCF3405,Instructor Curso de Etnoeducación,saved_to_csv,2026-09-27T17:14:51.136751,https://ec.computrabajo.com/empleos-en-pichincha,12
9d4382faa2beafb0,https://ec.computrabajo.com/ofertas-de-trabajo/oferta-de-trabajo-de-instructor-curso-de-lengua-de-senas-ecuatoriana-en-quito-E73174FEDFC3998A61373E686DCF3405,Instructor Curso de Lengua de Señas Ecuatoriana,saved_to_csv,2026-09-27T17:14:52.242714,https://ec.computrabajo.com/empleos-en-pichincha,12
42296c793b25a9b0,https://ec.computrabajo.com/ofertas-de-trabajo/oferta-de-trabajo-de-instructor-de-curso-de-trabajo-en-alturas-en-quito-926969626F5FDD9761373E686DCF3405,Instructor de Curso de Trabajo en Alturas,saved_to_csv,2026-09-27T17:14:53.364931,https://ec.computrabajo.com/empleos-en-pichincha,12
cfae37c6dcf77e72,https://ec.computrabajo.com/ofertas-de-trabajo/oferta-de-trabajo-de-busco-mecanico-automotriz-electromecanico-tiempo-completo-en-quito-8A03DBC4FF2FDCBF61373E686DCF3405,Busco Mecánico Automotriz Electromecánico - Tiempo completo,saved_to_csv,2026-09-27T17:14:54.482987,https://ec.computrabajo.com/empleos-en-pichincha,12
84b55764d7eca6f6,https://ec.computrabajo.com/ofertas-de-trabajo/oferta-de-trabajo-de-instructor-curso-de-rigpass-en-quito-D5131AB4C57D3E5361373E686DCF3405,Instructor Curso de RigPass,saved_to_csv,2026-09-27T17:14:55.606183,https://ec.computrabajo.com/empleos-en-pichincha,12
462430502edab1bc,https://ec.computrabajo.com/ofertas-de-trabajo/oferta-de-trabajo-de-ejecutivoa-comercial-en-ventas-b2b-y-b2c-presencialremoto-en-quito-E91C7B5C5BAA1CAC61373E686DCF3405,Ejecutivo/a Comercial en Ventas B2B y B2C - Presencial/Remoto,saved_to_csv,2026-09-27T17:14:56.755117,https://ec.computrabajo.com/empleos-en-pichincha,12
e92780223e85dc9c,https://ec.computrabajo.com/ofertas-de-trabajo/oferta-de-trabajo-de-asistente-de-gerencia-en-quito-1303A2D0F6ABB9C061373E686DCF3405,Asistente de gerencia,saved_to_csv,2026-09-27T17:14:57.901293,https://ec.computrabajo.com/empleos-en-pichincha,12
1f5ce699c882513c,https://ec.computrabajo.com/ofertas-de-trabajo/oferta-de-trabajo-de-auxiliar-de-limpieza-con-experiencia-en-quito-BE21CED12C79D21D61373E686DCF3405,Auxiliar de limpieza - con experiencia,saved_to_csv,2026-09-27T17:14:59.007101,https://ec.computrabajo.com/empleos-en-pichincha,12
43cfdfe67321ad71,https://ec.computrabajo.com/ofertas-de-trabajo/oferta-de-trabajo-de-marketing-encargada-de-marketing-y-campanas-publicitarias-en-quito-25AAC9ECB21C012F61373E686DCF3405,marketing - Encargada de marketing y campañas publicitarias,saved_to_csv,2026-09-27T17:15:00.112800,https://ec.computrabajo.com/empleos-en-pichincha,12
58cc5ea901a91b29,https://ec.computrabajo.com/ofertas-de-trabajo/oferta-de-trabajo-de-ejecutivo-comercial-en-quito-CA778276BE0B0CD361373E686DCF3405,Ejecutivo Comercial,saved_to_csv,2026-09-27T17:15:01.195213,https://ec.computrabajo.com/empleos-en-pichincha,12
0d6a70ab2316a857,https://ec.computrabajo.com/ofertas-de-trabajo/oferta-de-trabajo-de-operario-de-limpieza-con-experiencia-en-quito-F40A022E5C7F5A2F61373E686DCF3405,Operario de limpieza - con experiencia,saved_to_csv,2026-09-27T17:15:02.302955,https://ec.computrabajo.com/empleos-en-pichincha,12
4a58a795a0d16f06,https://ec.computrabajo.com/ofertas-de-trabajo/oferta-de-trabajo-de-lavador-de-autos-lavador-en-quito-E1AA3E5E1128775061373E686DCF3405,lavador de autos - lavador,saved_to_csv,2026-09-27T17:15:03.418190,https://ec.computrabajo.com/empleos-en-pichincha,12
a8471e585bd3e6c2,https://ec.computrabajo.com/ofertas-de-trabajo/oferta-de-trabajo-de-tecnologoa-electronicoa-operaciones-y-soporte-en-quito-7BD9C876AA00CBEF61373E686DCF3405,Tecnólogo/a electrónico/a - operaciones,saved_to_csv,2026-09-27T17:15:04.776770,https://ec.computrabajo.com/empleos-en-pichincha,13
e91eb577acf77cf8,https://ec.computrabajo.com/ofertas-de-trabajo/oferta-de-trabajo-de-vendedor-repuestos-automotrices-en-quito-C3614D4029872C8A61373E686DCF3405,Vendedor - Repuestos automotrices,saved_to_csv,2026-09-27T17:15:05.925539,https://ec.computrabajo.com/empleos-en-pichincha,13
2565dfc7e14d9d09,https://ec.computrabajo.com/ofertas-de-trabajo/oferta-de-trabajo-de-cajeroa-vendedor-en-quito-10B210E68D45F59E61373E686DCF3405,Cajero/a vendedor,saved_to_csv,2026-09-27T17:15:07.067552,https://ec.computrabajo.com/empleos-en-pichincha,13
c15e403c95421cbd,https://ec.computrabajo.com/ofertas-de-trabajo/oferta-de-trabajo-de-asesora-comercial-asesor-comercial-textil-b2b-en-quito-A4526485A7B010B761373E686DCF3405,Asesor/a comercial - Asesor Comercial Textil B2B,saved_to_csv,2026-09-27T17:15:08.215911,https://ec.computrabajo.com/empleos-en-pichincha,13
1e781a4b84bb5eb2,https://ec.computrabajo.com/ofertas-de-trabajo/oferta-de-trabajo-de-jefe-comercial-en-quito-005468F6CC99411661373E686DCF3405,Jefe comercial,saved_to_csv,2026-09-27T17:15:09.344940,https://ec.computrabajo.com/empleos-en-pichincha,13
1dbf9896d4dc9c3b,https://ec.computrabajo.com/ofertas-de-trabajo/oferta-de-trabajo-de-asistente-administrativo-de-servicio-tecnico-en-quito-58D6D9EA1D2934CE61373E686DCF3405,Asistente administrativo de Servicio Técnico,saved_to_csv,2026-09-27T17:15:10.431269,https://ec.computrabajo.com/empleos-en-pichincha,13
f34e1510b54ca324,https://ec.computrabajo.com/ofertas-de-trabajo/oferta-de-trabajo-de-mesero-cocinero-en-quito-30CAA114A9A896E361373E686DCF3405,Mesero cocinero,saved_to_csv,2026-09-27T17:15:11.577002,https://ec.computrabajo.com/empleos-en-pichincha,13
27f3406110d00f23,https://ec.computrabajo.com/ofertas-de-trabajo/oferta-de-trabajo-de-agente-de-viajes-turismo-emisivo-en-quito-07220BF5CE92949B61373E686DCF3405,Agente de viajes turismo emisivo,saved_to_csv,2026-09-27T17:15:12.732403,https://ec.computrabajo.com/empleos-en-pichincha,13
85dd41bd3f9fdc6e,https://ec.computrabajo.com/ofertas-de-trabajo/oferta-de-trabajo-de-camarera-de-hotel-en-quito-4BDBCA2976C61F2D61373E686DCF3405,camarera de hotel,saved_to_csv,2026-09-27T17:15:13.929025,https://ec.computrabajo.com/empleos-en-pichincha,13
1083c947ee89630b,https://ec.computrabajo.com/ofertas-de-trabajo/oferta-de-trabajo-de-vendedor-visita-a-medicos-en-quito-1039D1C0FBC0D5A761373E686DCF3405,Vendedor - Visita a Medicos,saved_to_csv,2026-09-27T17:15:15.143627,https://ec.computrabajo.com/empleos-en-pichincha,13
e029d77350995017,https://ec.computrabajo.com/ofertas-de-trabajo/oferta-de-trabajo-de-vendedor-tecnico-en-seguridad-electronica-con-experiencia-experiencia-minima-2-anos-en-quito-537A259A011222DB61373E686DCF3405,Vendedor Técnico en Seguridad Electrónica con experiencia - Experiencia mínima 2 años,saved_to_csv,2026-09-27T17:15:16.302119,https://ec.computrabajo.com/empleos-en-pichincha,13
574d777cbe34771f,https://ec.computrabajo.com/ofertas-de-trabajo/oferta-de-trabajo-de-encargado-almacen-experiencia-en-telas-y-atencion-al-cliente-en-quito-E3567D1C866A3C3161373E686DCF3405,Encargado almacén - Experiencia en telas y atención al cliente,saved_to_csv,2026-09-27T17:15:17.420266,https://ec.computrabajo.com/empleos-en-pichincha,13
3878537b8c9ab645,https://ec.computrabajo.com/ofertas-de-trabajo/oferta-de-trabajo-de-administrador-de-local-cafeterias-restaurantes-en-quito-119C20188C00764D61373E686DCF3405,"Administrador de Local - cafeterias, restaurantes",saved_to_csv,2026-09-27T17:15:18.594156,https://ec.computrabajo.com/empleos-en-pichincha,13
0f9d233014df3e49,https://ec.computrabajo.com/ofertas-de-trabajo/oferta-de-trabajo-de-cocinero-en-quito-F70267B755D50B6461373E686DCF3405,Cocinero,saved_to_csv,2026-09-27T17:15:19.786433,https://ec.computrabajo.com/empleos-en-pichincha,13
2adc7a8abbb0a860,https://ec.computrabajo.com/ofertas-de-trabajo/oferta-de-trabajo-de-servicio-al-cliente-asesor-comercial-en-quito-E6EE5C67D4E5265461373E686DCF3405,Servicio al cliente - Asesor comercial,saved_to_csv,2026-09-27T17:15:20.927925,https://ec.computrabajo.com/empleos-en-pichincha,13
2a9976e3698d2c6e,https://ec.computrabajo.com/ofertas-de-trabajo/oferta-de-trabajo-de-recepcionista-asistente-administrativo-sin-experiencia-en-quito-DA845F0D0D80647761373E686DCF3405,Recepcionista asistente administrativo - Sin experiencia,saved_to_csv,2026-09-27T17:15:22.084608,https://ec.computrabajo.com/empleos-en-pichincha,13
e0127cdca5a94171,https://ec.computrabajo.com/ofertas-de-trabajo/oferta-de-trabajo-de-chef-ejecutivo-para-hotel-4-estrellas-experiencia-en-alta-gama-y-banquetes-en-quito-BE6CEB76AE0F224861373E686DCF3405,Chef Ejecutivo para Hotel 4 Estrellas experiencia en alta gama y banquetes,saved_to_csv,2026-09-27T17:15:23.239933,https://ec.computrabajo.com/empleos-en-pichincha,13
f4692d719a858c8d,https://ec.computrabajo.com/ofertas-de-trabajo/oferta-de-trabajo-de-asesor-comercial-b2b-en-quito-2F858B0CBD68C5BE61373E686DCF3405,Asesor Comercial B2B,saved_to_csv,2026-09-27T17:15:24.436527,https://ec.computrabajo.com/empleos-en-pichincha,13
34638f89fc57f7e8,https://ec.computrabajo.com/ofertas-de-trabajo/oferta-de-trabajo-de-costureroa-en-quito-6786F3150D560C6861373E686DCF3405,Costurero/a,saved_to_csv,2026-09-27T17:15:25.592960,https://ec.computrabajo.com/empleos-en-pichincha,13
b7877192e6ed335c,https://ec.computrabajo.com/ofertas-de-trabajo/oferta-de-trabajo-de-tecnico-mantenimiento-industrial-en-quito-8BA5950AB6C8C47E61373E686DCF3405,Técnico Mantenimiento - Industrial,saved_to_csv,2026-09-27T17:15:26.725105,https://ec.computrabajo.com/empleos-en-pichincha,13
65d9bdf9327f2193,https://ec.computrabajo.com/ofertas-de-trabajo/oferta-de-trabajo-de-electromecanicos-en-quito-5BE60D11A52FA3E861373E686DCF3405,Electromecanicos,saved_to_csv,2026-09-27T17:15:28.096903,https://ec.computrabajo.com/empleos-en-pichincha,14
693c533a4f1b377f,https://ec.computrabajo.com/ofertas-de-trabajo/oferta-de-trabajo-de-coordinador-de-ventas-asesor-comercial-preferencia-en-promocion-educativa-en-quito-978304D3D3E3FB6661373E686DCF3405,coordinador de ventas asesor comercial - preferencia en promocion educativa,saved_to_csv,2026-09-27T17:15:29.262550,https://ec.computrabajo.com/empleos-en-pichincha,14
4f4b433483560029,https://ec.computrabajo.com/ofertas-de-trabajo/oferta-de-trabajo-de-busco-tecnico-o-ingeniero-electronico-con-experiencia-con-referencias-comprobables-en-quito-BD97A1DA4765CB9361373E686DCF3405,Técnico o ingeniero electrónico con experiencia - con referencias comprobables,saved_to_csv,2026-09-27T17:15:30.457952,https://ec.computrabajo.com/empleos-en-pichincha,14
fc554dcfe38b9357,https://ec.computrabajo.com/ofertas-de-trabajo/oferta-de-trabajo-de-tecnico-residente-de-seguridad-industrial-disponibilidad-inmediata-en-quito-8315F399FDE650B761373E686DCF3405,Técnico Residente de Seguridad Industrial - Disponibilidad inmediata,saved_to_csv,2026-09-27T17:15:31.595289,https://ec.computrabajo.com/empleos-en-pichincha,14
10869c474645453a,https://ec.computrabajo.com/ofertas-de-trabajo/oferta-de-trabajo-de-vendedor-de-campo-en-quito-812954E42DC8AA9961373E686DCF3405,Vendedor de Campo,saved_to_csv,2026-09-27T17:15:32.766771,https://ec.computrabajo.com/empleos-en-pichincha,14
1f80af8566a760cd,https://ec.computrabajo.com/ofertas-de-trabajo/oferta-de-trabajo-de-auxiliar-de-bodega-polifuncional-para-norte-de-quito-tiempo-completo-en-quito-54B5AC8A89AE3CD361373E686DCF3405,Auxiliar de bodega Polifuncional - Norte de Quito,saved_to_csv,2026-09-27T17:15:33.905805,https://ec.computrabajo.com/empleos-en-pichincha,14
2fa049d4af900eb3,https://ec.computrabajo.com/ofertas-de-trabajo/oferta-de-trabajo-de-vendedor-de-campo-en-quito-94C1672C3847A71861373E686DCF3405,Vendedor de Campo,saved_to_csv,2026-09-27T17:15:35.036668,https://ec.computrabajo.com/empleos-en-pichincha,14
9fb57a7311ccf65a,https://ec.computrabajo.com/ofertas-de-trabajo/oferta-de-trabajo-de-asesora-de-ventas-ventas-y-distribucion-en-quito-C38AD8A56200756061373E686DCF3405,Asesor/a de ventas - Ventas y distribución,saved_to_csv,2026-09-27T17:15:36.186958,https://ec.computrabajo.com/empleos-en-pichincha,14
9af3e7b967ddd89a,https://ec.computrabajo.com/ofertas-de-trabajo/oferta-de-trabajo-de-auxiliar-administrativa-contable-temporal-3-meses-en-quito-FE28F6C3F1F130A061373E686DCF3405,Auxiliar Administrativa Contable - Temporal 3 meses,saved_to_csv,2026-09-27T17:15:37.348279,https://ec.computrabajo.com/empleos-en-pichincha,14
43268e7fc7d0cb04,https://ec.computrabajo.com/ofertas-de-trabajo/oferta-de-trabajo-de-manicurista-con-experiencia-en-ruminahui-9A71E2CCBB211FFF61373E686DCF3405,Manicurista - con experiencia,saved_to_csv,2026-09-27T17:15:38.507959,https://ec.computrabajo.com/empleos-en-pichincha,14
a288990a9238c712,https://ec.computrabajo.com/ofertas-de-trabajo/oferta-de-trabajo-de-maestroa-carpintero-en-quito-B6FA9E0E08CEBC8961373E686DCF3405,Maestro/a carpintero,saved_to_csv,2026-09-27T17:15:39.699265,https://ec.computrabajo.com/empleos-en-pichincha,14
cefaed3a8aa0823d,https://ec.computrabajo.com/ofertas-de-trabajo/oferta-de-trabajo-de-ayudante-de-cocina-en-quito-171B8B1B40D4746561373E686DCF3405,Ayudante de cocina,saved_to_csv,2026-09-27T17:15:40.844292,https://ec.computrabajo.com/empleos-en-pichincha,14
8acedc1b499d7fae,https://ec.computrabajo.com/ofertas-de-trabajo/oferta-de-trabajo-de-vendedor-campo-en-quito-463F20AA4FCE326261373E686DCF3405,Vendedor campo,saved_to_csv,2026-09-27T17:15:41.981792,https://ec.computrabajo.com/empleos-en-pichincha,14
07ee62637bde04fe,https://ec.computrabajo.com/ofertas-de-trabajo/oferta-de-trabajo-de-analista-de-recursos-humanos-analista-en-quito-D2231F6AECED025F61373E686DCF3405,Analista de recursos humanos - Analista,saved_to_csv,2026-09-27T17:15:43.106045,https://ec.computrabajo.com/empleos-en-pichincha,14
6da9368a3809caf2,https://ec.computrabajo.com/ofertas-de-trabajo/oferta-de-trabajo-de-asistente-dental-experiencia-minima-2-anos-en-quito-BE0DA78DBCB403BD61373E686DCF3405,Asistente dental - Experiencia mínima 2 años,saved_to_csv,2026-09-27T17:15:44.264296,https://ec.computrabajo.com/empleos-en-pichincha,14
71f73c460a223b1e,https://ec.computrabajo.com/ofertas-de-trabajo/oferta-de-trabajo-de-administrativoa-recepcionista-asistente-en-quito-9940DA1E85F0910761373E686DCF3405,Administrativo/a recepcionista - Asistente,saved_to_csv,2026-09-27T17:15:45.462271,https://ec.computrabajo.com/empleos-en-pichincha,14
28578580945326ff,https://ec.computrabajo.com/ofertas-de-trabajo/oferta-de-trabajo-de-asesor-de-ventas-medio-tiempo-presencial-en-quito-B7FFF431FF55B8EA61373E686DCF3405,Asesor de ventas - Medio tiempo Presencial,saved_to_csv,2026-09-27T17:15:46.606541,https://ec.computrabajo.com/empleos-en-pichincha,14
9c14ca4681a4ed5f,https://ec.computrabajo.com/ofertas-de-trabajo/oferta-de-trabajo-de-psicologo-con-maestria-en-prevencion-de-riesgos-laborales-quito-en-quito-466B0D8FD1C2703761373E686DCF3405,Psicólogo con maestría en Prevención de Riesgos Laborales - Quito,saved_to_csv,2026-09-27T17:15:47.762904,https://ec.computrabajo.com/empleos-en-pichincha,14
48ee347b18c79fe4,https://ec.computrabajo.com/ofertas-de-trabajo/oferta-de-trabajo-de-asesor-de-venta-enfoque-en-eventos-corporativos-y-masivos-en-quito-48F054646A4D6DC461373E686DCF3405,Asesor de venta - Enfoque en eventos corporativos y masivos,saved_to_csv,2026-09-27T17:15:48.902168,https://ec.computrabajo.com/empleos-en-pichincha,14
5bb681ffe3c3069e,https://ec.computrabajo.com/ofertas-de-trabajo/oferta-de-trabajo-de-vendedor-de-productos-tecnologicos-en-quito-04C77ABB1648D1E161373E686DCF3405,Vendedor de Productos Tecnologicos,saved_to_csv,2026-09-27T17:15:50.054771,https://ec.computrabajo.com/empleos-en-pichincha,14
c06175bbd772e2f5,https://ec.computrabajo.com/ofertas-de-trabajo/oferta-de-trabajo-de-auxiliar-de-contabilidad-femenino-en-quito-BC559D857A928C0861373E686DCF3405,Auxiliar de Contabilidad femenino,saved_to_csv,2026-09-27T17:15:51.463970,https://ec.computrabajo.com/empleos-en-pichincha,15
14f1472bf16b801f,https://ec.computrabajo.com/ofertas-de-trabajo/oferta-de-trabajo-de-disenador-grafico-con-experincia-en-adobe-indesigne-para-un-proyecto-duracion-de-un-mes-en-quito-5896F351583EB47A61373E686DCF3405,Diseñador Gráfico con experincia en Adobe Indesigne - Para un proyecto duración de un mes,saved_to_csv,2026-09-27T17:15:52.609423,https://ec.computrabajo.com/empleos-en-pichincha,15
cdc5776801e66de7,https://ec.computrabajo.com/ofertas-de-trabajo/oferta-de-trabajo-de-asistentea-de-marketing-medio-tiempo-en-quito-D8D7DEBDAD6A7D4561373E686DCF3405,Asistente/a de márketing - Medio Tiempo,saved_to_csv,2026-09-27T17:15:53.690662,https://ec.computrabajo.com/empleos-en-pichincha,15
1d40fd5afa34e481,https://ec.computrabajo.com/ofertas-de-trabajo/oferta-de-trabajo-de-disenador-grafico-con-experincia-en-adobe-indesigne-el-tranajo-es-por-poyectp-en-quito-F4ACCDBA5FA3709E61373E686DCF3405,Diseñador Gráfico con experincia en Adobe Indesigne - El tranajo es por poyectp,saved_to_csv,2026-09-27T17:15:54.804506,https://ec.computrabajo.com/empleos-en-pichincha,15
271937f406308b68,https://ec.computrabajo.com/ofertas-de-trabajo/oferta-de-trabajo-de-agente-de-ventas-bilingue-en-quito-764890D7FF42C73361373E686DCF3405,Agente de ventas - Bilingue,saved_to_csv,2026-09-27T17:15:55.945863,https://ec.computrabajo.com/empleos-en-pichincha,15
4b6734371cddaa47,https://ec.computrabajo.com/ofertas-de-trabajo/oferta-de-trabajo-de-medico-veterinario-turnos-rotativos-en-quito-1C66C421F8F3F9DE61373E686DCF3405,Medico Veterinario - Turnos Rotativos,saved_to_csv,2026-09-27T17:15:57.104101,https://ec.computrabajo.com/empleos-en-pichincha,15
7ba517c7d03e3b91,https://ec.computrabajo.com/ofertas-de-trabajo/oferta-de-trabajo-de-especialista-marketiing-digital-por-servicios-en-quito-D4EB8BD4002B97EC61373E686DCF3405,Especialista Marketiing Digital - Por servicios,saved_to_csv,2026-09-27T17:15:58.258406,https://ec.computrabajo.com/empleos-en-pichincha,15
8b57fea7095014fb,https://ec.computrabajo.com/ofertas-de-trabajo/oferta-de-trabajo-de-supervisor-de-sellado-parroquia-de-pifo-en-quito-46D510499B52F31161373E686DCF3405,Supervisor de Sellado - Parroquia de Pifo,saved_to_csv,2026-09-27T17:15:59.398398,https://ec.computrabajo.com/empleos-en-pichincha,15
5dc4c3a7193d001c,https://ec.computrabajo.com/ofertas-de-trabajo/oferta-de-trabajo-de-operario-de-sellado-parroquia-de-pifo-en-quito-124F885D2785AF2461373E686DCF3405,Operario de Sellado - Parroquia de Pifo,saved_to_csv,2026-09-27T17:16:00.542148,https://ec.computrabajo.com/empleos-en-pichincha,15
93cee2ed549d465b,https://ec.computrabajo.com/ofertas-de-trabajo/oferta-de-trabajo-de-montacarguistaauxiliar-de-bodega-parroquia-de-pifo-en-quito-275A623D4F54028A61373E686DCF3405,Montacarguista/Auxiliar de Bodega - Parroquia de Pifo,saved_to_csv,2026-09-27T17:16:01.687568,https://ec.computrabajo.com/empleos-en-pichincha,15
67bf0ec8f83e0692,https://ec.computrabajo.com/ofertas-de-trabajo/oferta-de-trabajo-de-asesor-comercial-educativo-estudios-en-el-exterior-en-quito-37C0BF55C4EE6EDF61373E686DCF3405,Asesor Comercial Educativo - Estudios en el exterior,saved_to_csv,2026-09-27T17:16:02.833137,https://ec.computrabajo.com/empleos-en-pichincha,15
4f628c69180636be,https://ec.computrabajo.com/ofertas-de-trabajo/oferta-de-trabajo-de-tecnico-de-computadoras-en-quito-E931AC247F0B4BB161373E686DCF3405,Tecnico de Computadoras,saved_to_csv,2026-09-27T17:16:03.986380,https://ec.computrabajo.com/empleos-en-pichincha,15
ab110b9ca03faf17,https://ec.computrabajo.com/ofertas-de-trabajo/oferta-de-trabajo-de-ejecutivo-comercial-senior-ventas-b2b-de-software-y-soluciones-de-ia-en-quito-B06CCD51C414299761373E686DCF3405,Ejecutivo Comercial Senior - Ventas B2B de software y soluciones de IA,saved_to_csv,2026-09-27T17:16:05.149711,https://ec.computrabajo.com/empleos-en-pichincha,15
56d17baa271f755e,https://ec.computrabajo.com/ofertas-de-trabajo/oferta-de-trabajo-de-asistente-contable-en-quito-43FEBED5DFFB6C4961373E686DCF3405,Asistente Contable,saved_to_csv,2026-09-27T17:16:06.291636,https://ec.computrabajo.com/empleos-en-pichincha,15
9e4c88d5814c6a8a,https://ec.computrabajo.com/ofertas-de-trabajo/oferta-de-trabajo-de-asistente-de-comercio-exterior-en-quito-08870B1BAB34D5C461373E686DCF3405,Asistente de Comercio Exterior,saved_to_csv,2026-09-27T17:16:07.397248,https://ec.computrabajo.com/empleos-en-pichincha,15
825f67fd2182dd3f,https://ec.computrabajo.com/ofertas-de-trabajo/oferta-de-trabajo-de-tecnico-automotriz-en-quito-480784CC9268D33A61373E686DCF3405,Técnico automotriz,saved_to_csv,2026-09-27T17:16:08.516914,https://ec.computrabajo.com/empleos-en-pichincha,15
f1e5032053acc45f,https://ec.computrabajo.com/ofertas-de-trabajo/oferta-de-trabajo-de-recepcionista-asistente-administrativo-en-quito-00408EAF21DB8B9D61373E686DCF3405,Recepcionista asistente administrativo,saved_to_csv,2026-09-27T17:16:09.680298,https://ec.computrabajo.com/empleos-en-pichincha,15
983cca7bd6806fd5,https://ec.computrabajo.com/ofertas-de-trabajo/oferta-de-trabajo-de-vendedor-corporativo-en-quito-D0326C120702704A61373E686DCF3405,Vendedor corporativo,saved_to_csv,2026-09-27T17:16:10.846225,https://ec.computrabajo.com/empleos-en-pichincha,15
7d5d135e362809a2,https://ec.computrabajo.com/ofertas-de-trabajo/oferta-de-trabajo-de-asesora-comercial-de-seguros-e-inversiones-experiencia-previa-en-ventas-en-quito-7E1D86ECC6C19B8361373E686DCF3405,Asesor/a Comercial de Seguros e Inversiones - experiencia previa en ventas,saved_to_csv,2026-09-27T17:16:12.060385,https://ec.computrabajo.com/empleos-en-pichincha,15
c917fd47c94d8797,https://ec.computrabajo.com/ofertas-de-trabajo/oferta-de-trabajo-de-contador-general-en-quito-D3D79225841E06C161373E686DCF3405,Contador general,saved_to_csv,2026-09-27T17:16:13.187298,https://ec.computrabajo.com/empleos-en-pichincha,15
804dfc2f2b99b6c1,https://ec.computrabajo.com/ofertas-de-trabajo/oferta-de-trabajo-de-chofer-35-toneladas-turno-diurno-en-quito-4EC1A518C65938AD61373E686DCF3405,Chófer 3.5 toneladas - turno diurno,saved_to_csv,2026-09-27T17:16:14.567217,https://ec.computrabajo.com/empleos-en-pichincha,16
2e1f684b06c642e7,https://ec.computrabajo.com/ofertas-de-trabajo/oferta-de-trabajo-de-asistente-de-ventas-en-quito-A7C704351A899D4461373E686DCF3405,Asistente de Ventas,saved_to_csv,2026-09-27T17:16:15.720732,https://ec.computrabajo.com/empleos-en-pichincha,16
3498376438b0058d,https://ec.computrabajo.com/ofertas-de-trabajo/oferta-de-trabajo-de-asistente-contabilidad-manejo-de-sistemas-contables-e-inventarios-en-quito-FA5B65ABF1EC02C761373E686DCF3405,Asistente contabilidad - Manejo de sistemas contables e inventarios,saved_to_csv,2026-09-27T17:16:16.865587,https://ec.computrabajo.com/empleos-en-pichincha,16
9119aca743528d7a,https://ec.computrabajo.com/ofertas-de-trabajo/oferta-de-trabajo-de-consultora-freelance-de-marca-personal-y-posicionamiento-b2b-remoto-en-quito-D7F7E5517B63FC8661373E686DCF3405,Consultor(a) Freelance de Marca Personal y Posicionamiento B2B (Remoto),saved_to_csv,2026-09-27T17:16:18.039840,https://ec.computrabajo.com/empleos-en-pichincha,16
da21f6880ae86add,https://ec.computrabajo.com/ofertas-de-trabajo/oferta-de-trabajo-de-asistente-comercialservicio-al-cliente-en-quito-5287F4F08063D53C61373E686DCF3405,Asistente Comercial/Servicio al Cliente,saved_to_csv,2026-09-27T17:16:19.199643,https://ec.computrabajo.com/empleos-en-pichincha,16
ac7849c3cd11803e,https://ec.computrabajo.com/ofertas-de-trabajo/oferta-de-trabajo-de-vendedor-repuestos-automotrices-en-quito-CB231A234071005A61373E686DCF3405,Vendedor - Repuestos automotrices,saved_to_csv,2026-09-27T17:16:20.328784,https://ec.computrabajo.com/empleos-en-pichincha,16
3abf5b88103e2fe4,https://ec.computrabajo.com/ofertas-de-trabajo/oferta-de-trabajo-de-asesor-comercial-externo-en-quito-304D57CF4271F88361373E686DCF3405,Asesor Comercial,saved_to_csv,2026-09-27T17:16:21.472708,https://ec.computrabajo.com/empleos-en-pichincha,16
a6bd3869a5a2510a,https://ec.computrabajo.com/ofertas-de-trabajo/oferta-de-trabajo-de-ingenieroarquitecto-si-experiencia-en-quito-D335111E4CB4B23361373E686DCF3405,Ingeniero/arquitecto - Sí experiencia,saved_to_csv,2026-09-27T17:16:22.661262,https://ec.computrabajo.com/empleos-en-pichincha,16
9bf583d69df2b802,https://ec.computrabajo.com/ofertas-de-trabajo/oferta-de-trabajo-de-licenciada-parvularia-con-experiencia-en-quito-E0A20F31B860ACC161373E686DCF3405,Licenciada Parvularia - Con experiencia,saved_to_csv,2026-09-27T17:16:23.800590,https://ec.computrabajo.com/empleos-en-pichincha,16
91b14dcf40e12946,https://ec.computrabajo.com/ofertas-de-trabajo/oferta-de-trabajo-de-ejecutiva-de-ventas-manejo-de-cuentas-corporativas-y-de-viajes-en-quito-1C78919DE9ADABA561373E686DCF3405,Ejecutiva de ventas - Manejo de cuentas corporativas y de viajes,saved_to_csv,2026-09-27T17:16:24.946857,https://ec.computrabajo.com/empleos-en-pichincha,16
b3dc503eec217d7f,https://ec.computrabajo.com/ofertas-de-trabajo/oferta-de-trabajo-de-auxiliar-contable-en-quito-9904A168E4C9A5DF61373E686DCF3405,Auxiliar contable,saved_to_csv,2026-09-27T17:16:26.087528,https://ec.computrabajo.com/empleos-en-pichincha,16
c5ad796722914e22,https://ec.computrabajo.com/ofertas-de-trabajo/oferta-de-trabajo-de-asistente-de-gerencia-administracion-marketing-comtabilidad-en-quito-7F70D33E49EFA9C061373E686DCF3405,"Asistente de Gerencia - Administracion, Marketing, comtabilidad",saved_to_csv,2026-09-27T17:16:27.310750,https://ec.computrabajo.com/empleos-en-pichincha,16
c19d22fe3a1ff212,https://ec.computrabajo.com/ofertas-de-trabajo/oferta-de-trabajo-de-asistente-de-gerencia-en-quito-E1A4945E92E9DBC661373E686DCF3405,Asistente de gerencia,saved_to_csv,2026-09-27T17:16:28.439368,https://ec.computrabajo.com/empleos-en-pichincha,16
2ddb74b89a45d58f,https://ec.computrabajo.com/ofertas-de-trabajo/oferta-de-trabajo-de-asistente-polifuncional-contabilidad-y-ventas-en-quito-D4E2DD7B69375A0D61373E686DCF3405,Asistente polifuncional - Contabilidad y Ventas,saved_to_csv,2026-09-27T17:16:29.573818,https://ec.computrabajo.com/empleos-en-pichincha,16
417ed5cdad87b031,https://ec.computrabajo.com/ofertas-de-trabajo/oferta-de-trabajo-de-operativo-contable-en-quito-C3C09284225953CE61373E686DCF3405,Operativo contable,saved_to_csv,2026-09-27T17:16:30.722519,https://ec.computrabajo.com/empleos-en-pichincha,16
4d4418e20aac1170,https://ec.computrabajo.com/ofertas-de-trabajo/oferta-de-trabajo-de-ayudante-de-albanil-en-quito-13D3B3882DEFFA2261373E686DCF3405,Ayudante de albañil,saved_to_csv,2026-09-27T17:16:31.865913,https://ec.computrabajo.com/empleos-en-pichincha,16
1e92a0f8aaed3c2f,https://ec.computrabajo.com/ofertas-de-trabajo/oferta-de-trabajo-de-albanil-en-quito-82849FDC0F3FBB4661373E686DCF3405,Albañil,saved_to_csv,2026-09-27T17:16:33.037511,https://ec.computrabajo.com/empleos-en-pichincha,16
bc2b34c38599b881,https://ec.computrabajo.com/ofertas-de-trabajo/oferta-de-trabajo-de-ayudante-de-soldador-en-quito-083B1199C646022F61373E686DCF3405,Ayudante de soldador,saved_to_csv,2026-09-27T17:16:34.171439,https://ec.computrabajo.com/empleos-en-pichincha,16
0306622dd4f6dfbb,https://ec.computrabajo.com/ofertas-de-trabajo/oferta-de-trabajo-de-agente-de-ventas-tecnologia-para-adultos-mayores-en-quito-9F8197D54C117DD361373E686DCF3405,Agente de ventas - Tecnología para adultos mayores,saved_to_csv,2026-09-27T17:16:35.312897,https://ec.computrabajo.com/empleos-en-pichincha,16
294e2c253c07229a,https://ec.computrabajo.com/ofertas-de-trabajo/oferta-de-trabajo-de-vendedora-busco-vendedora-profesional-en-quito-52D328552B93D54B61373E686DCF3405,Vendedora - Busco Vendedora Profesional,saved_to_csv,2026-09-27T17:16:36.455002,https://ec.computrabajo.com/empleos-en-pichincha,16
8e5fa7e38f7f62a2,https://ec.computrabajo.com/ofertas-de-trabajo/oferta-de-trabajo-de-ejecutivo-comercial-canales-de-distribucion-en-quito-CA41BD3025F1848361373E686DCF3405,Ejecutivo Comercial - Canales de distribución,saved_to_csv,2026-09-27T17:16:37.842906,https://ec.computrabajo.com/empleos-en-pichincha,17
f2e553ab340549a0,https://ec.computrabajo.com/ofertas-de-trabajo/oferta-de-trabajo-de-residente-de-obra-profesional-en-arquitectura-o-ingenieria-civil-en-quito-64F5BCF8AFFAD89361373E686DCF3405,Residente de Obra - Profesional en Arquitectura o Ingeniería Civil,saved_to_csv,2026-09-27T17:16:38.989258,https://ec.computrabajo.com/empleos-en-pichincha,17
e93840a4ef6d9b85,https://ec.computrabajo.com/ofertas-de-trabajo/oferta-de-trabajo-de-ayudante-de-limpieza-jornada-parcial-en-quito-9199E9A863CC1CDE61373E686DCF3405,Ayudante de limpieza - Jornada Parcial,saved_to_csv,2026-09-27T17:16:40.141866,https://ec.computrabajo.com/empleos-en-pichincha,17
fb0d5d551f285396,https://ec.computrabajo.com/ofertas-de-trabajo/oferta-de-trabajo-de-asistente-de-ventas-asistente-de-comercial-y-administrativa-en-quito-1D0F1D824BB8F1D461373E686DCF3405,Asistente de ventas - Asistente de Comercial y Administrativa,saved_to_csv,2026-09-27T17:16:41.276106,https://ec.computrabajo.com/empleos-en-pichincha,17
51cf912ad844d652,https://ec.computrabajo.com/ofertas-de-trabajo/oferta-de-trabajo-de-licenciadosas-en-radiologia-e-imagenologia-operador-en-radiologia-dental-en-quito-53AF8DEBBE4237DA61373E686DCF3405,Licenciados/as en Radiología e Imagenología - Operador en Radiologia Dental,saved_to_csv,2026-09-27T17:16:42.481480,https://ec.computrabajo.com/empleos-en-pichincha,17
b92c9815cd5f4594,https://ec.computrabajo.com/ofertas-de-trabajo/oferta-de-trabajo-de-graduado-en-enfermeria-enfermero-o-enfermera-en-quito-A772A489C176417861373E686DCF3405,Graduado en enfermería - Enfermero o Enfermera,saved_to_csv,2026-09-27T17:16:43.689982,https://ec.computrabajo.com/empleos-en-pichincha,17
1a68d3999deb7ef3,https://ec.computrabajo.com/ofertas-de-trabajo/oferta-de-trabajo-de-barbero-o-lady-barber-en-quito-5E7EFC4B3B617D1061373E686DCF3405,Barbero o Lady Barber,saved_to_csv,2026-09-27T17:16:44.884791,https://ec.computrabajo.com/empleos-en-pichincha,17
1a409080df502bb1,https://ec.computrabajo.com/ofertas-de-trabajo/oferta-de-trabajo-de-vendedor-en-local-de-computadoras-con-conocimiento-tecnico-basico-en-quito-38FF8596DAE6B0AD61373E686DCF3405,Vendedor de Computadoras - Con conocimiento técnico,saved_to_csv,2026-09-27T17:16:46.038298,https://ec.computrabajo.com/empleos-en-pichincha,17
5b2c76ae9fab31ad,https://ec.computrabajo.com/ofertas-de-trabajo/oferta-de-trabajo-de-ejecutivos-de-negocio-tiempo-completo-en-quito-D1B9CFE3B123DA0C61373E686DCF3405,Ejecutivo de Negocio,saved_to_csv,2026-09-27T17:16:47.200284,https://ec.computrabajo.com/empleos-en-pichincha,17
d55289ef069d4661,https://ec.computrabajo.com/ofertas-de-trabajo/oferta-de-trabajo-de-tecnico-auxiliar-en-redespc-impresoras-y-camaras-de-seguridad-en-quito-ACB1383A53E4029461373E686DCF3405,"Técnico auxiliar en redes,pc, impresoras y cámaras de seguridad",saved_to_csv,2026-09-27T17:16:48.283158,https://ec.computrabajo.com/empleos-en-pichincha,17
3ad60d6e6d278cc6,https://ec.computrabajo.com/ofertas-de-trabajo/oferta-de-trabajo-de-administrador-en-quito-1F2342890366608061373E686DCF3405,Administrador,saved_to_csv,2026-09-27T17:16:49.443668,https://ec.computrabajo.com/empleos-en-pichincha,17
b83badbd379d5d17,https://ec.computrabajo.com/ofertas-de-trabajo/oferta-de-trabajo-de-cocinero-productor-en-quito-213620C97EC54B0861373E686DCF3405,Cocinero productor,saved_to_csv,2026-09-27T17:16:50.596387,https://ec.computrabajo.com/empleos-en-pichincha,17
e5dd826c241b91b5,https://ec.computrabajo.com/ofertas-de-trabajo/oferta-de-trabajo-de-ejecutivoa-de-desarrollo-comercial-en-quito-3F2C566BD9CAD58361373E686DCF3405,Ejecutivo/a de Desarrollo Comercial,saved_to_csv,2026-09-27T17:16:51.747074,https://ec.computrabajo.com/empleos-en-pichincha,17
fa87afc5684ed85d,https://ec.computrabajo.com/ofertas-de-trabajo/oferta-de-trabajo-de-vendedora-de-repuestos-automotrices-quito-quito-en-quito-1FEB7953CC0D206061373E686DCF3405,Vendedor(a) de Repuestos Automotrices – Quito - Quito,saved_to_csv,2026-09-27T17:16:52.904918,https://ec.computrabajo.com/empleos-en-pichincha,17
424567f0d806147c,https://ec.computrabajo.com/ofertas-de-trabajo/oferta-de-trabajo-de-asesora-comercial-en-quito-B2E78777D36FCA5B61373E686DCF3405,Asesor/a comercial,saved_to_csv,2026-09-27T17:16:54.057555,https://ec.computrabajo.com/empleos-en-pichincha,17
6f8f753d64765662,https://ec.computrabajo.com/ofertas-de-trabajo/oferta-de-trabajo-de-pasante-de-aplicaciones-en-quito-F24F6AC89D75CB1A61373E686DCF3405,Pasante de Aplicaciones,saved_to_csv,2026-09-27T17:16:55.276711,https://ec.computrabajo.com/empleos-en-pichincha,17
bc46885d4c0aa46e,https://ec.computrabajo.com/ofertas-de-trabajo/oferta-de-trabajo-de-responsable-de-facturacion-y-cobranza-en-quito-C16289955048B37A61373E686DCF3405,Responsable de facturación y cobranza,saved_to_csv,2026-09-27T17:16:56.436463,https://ec.computrabajo.com/empleos-en-pichincha,17
b845283fc541c010,https://ec.computrabajo.com/ofertas-de-trabajo/oferta-de-trabajo-de-operador-general-en-quito-1181485DEA041A8B61373E686DCF3405,Operador general,saved_to_csv,2026-09-27T17:16:57.574251,https://ec.computrabajo.com/empleos-en-pichincha,17
1ca45e57486c3ca4,https://ec.computrabajo.com/ofertas-de-trabajo/oferta-de-trabajo-de-estamos-contratando-operario-de-muebles-modulares-en-quito-DAC9679F221A733761373E686DCF3405,¡Estamos Contratando! - Operario de Muebles Modulares,saved_to_csv,2026-09-27T17:16:58.731020,https://ec.computrabajo.com/empleos-en-pichincha,17
8097776e9636435e,https://ec.computrabajo.com/ofertas-de-trabajo/oferta-de-trabajo-de-gerente-en-quito-9D4CC455922834E461373E686DCF3405,Gerente,saved_to_csv,2026-09-27T17:16:59.842506,https://ec.computrabajo.com/empleos-en-pichincha,17
b902780a2aaf7c0a,https://ec.computrabajo.com/ofertas-de-trabajo/oferta-de-trabajo-de-asistente-de-servicio-al-cliente-en-quito-070FA0CDDA6A7E4361373E686DCF3405,Asistente de servicio al cliente,saved_to_csv,2026-09-27T17:17:01.292115,https://ec.computrabajo.com/empleos-en-pichincha,18
0562bdf641d10c65,https://ec.computrabajo.com/ofertas-de-trabajo/oferta-de-trabajo-de-disenador-publicitario-disenador-grafico-operador-equipos-publicitarios-en-quito-CF69E486F8B1841B61373E686DCF3405,"Diseñador publicitario - diseñador gráfico, operador equipos publicitarios",saved_to_csv,2026-09-27T17:17:02.374003,https://ec.computrabajo.com/empleos-en-pichincha,18
52451e02beec95a3,https://ec.computrabajo.com/ofertas-de-trabajo/oferta-de-trabajo-de-tecnicoa-mecanico-automotriz-con-experiencia-comprobada-en-quito-635577174EE51EDD61373E686DCF3405,Técnico/a mecánico automotriz - con experiencia comprobada,saved_to_csv,2026-09-27T17:17:03.527898,https://ec.computrabajo.com/empleos-en-pichincha,18
8c909d0d0764120c,https://ec.computrabajo.com/ofertas-de-trabajo/oferta-de-trabajo-de-coordinador-academico-coordinadora-academica-vicerrectora-en-quito-4BB987BD0EAAAC1361373E686DCF3405,Coordinador académico - Coordinadora Académica / Vicerrectora,saved_to_csv,2026-09-27T17:17:04.652757,https://ec.computrabajo.com/empleos-en-pichincha,18
2f4bd8e40ed44480,https://ec.computrabajo.com/ofertas-de-trabajo/oferta-de-trabajo-de-asesor-comercial-tiempo-completo-en-quito-A7E5DBD0251C5FD261373E686DCF3405,Asesor Comercial - Tiempo completo,saved_to_csv,2026-09-27T17:17:05.778555,https://ec.computrabajo.com/empleos-en-pichincha,18
274a5939bd23ef9f,https://ec.computrabajo.com/ofertas-de-trabajo/oferta-de-trabajo-de-disenadora-industrial-diselo-de-productos-en-quito-D5EDD521D7F9026761373E686DCF3405,Diseñador/a industrial - Diselo de Productos,saved_to_csv,2026-09-27T17:17:06.885467,https://ec.computrabajo.com/empleos-en-pichincha,18
c9487fbec5dc00a9,https://ec.computrabajo.com/ofertas-de-trabajo/oferta-de-trabajo-de-enfermera-y-podologo-docente-en-quito-D440DD35B435481A61373E686DCF3405,enfermera y podólogo docente,saved_to_csv,2026-09-27T17:17:08.065596,https://ec.computrabajo.com/empleos-en-pichincha,18
6ab49c518c5c6446,https://ec.computrabajo.com/ofertas-de-trabajo/oferta-de-trabajo-de-dibujante-en-quito-B3CE6A064040AC3F61373E686DCF3405,Dibujante,saved_to_csv,2026-09-27T17:17:09.172229,https://ec.computrabajo.com/empleos-en-pichincha,18
1990ed7d73752981,https://ec.computrabajo.com/ofertas-de-trabajo/oferta-de-trabajo-de-cobranza-extrajudicial-con-experiencia-en-quito-02C03609DA7695F061373E686DCF3405,Cobranza extrajudicial - con experiencia,saved_to_csv,2026-09-27T17:17:10.276964,https://ec.computrabajo.com/empleos-en-pichincha,18
82eba99148efc699,https://ec.computrabajo.com/ofertas-de-trabajo/oferta-de-trabajo-de-vendedor-comisionista-en-quito-E59A602791251C7B61373E686DCF3405,Vendedor comisionista,saved_to_csv,2026-09-27T17:17:11.415387,https://ec.computrabajo.com/empleos-en-pichincha,18
fd99129f3329661f,https://ec.computrabajo.com/ofertas-de-trabajo/oferta-de-trabajo-de-agente-ventas-telemarketing-en-quito-6CD04A08057936E761373E686DCF3405,Agente ventas telemarketing,saved_to_csv,2026-09-27T17:17:12.573981,https://ec.computrabajo.com/empleos-en-pichincha,18
548b9168fe172b4c,https://ec.computrabajo.com/ofertas-de-trabajo/oferta-de-trabajo-de-medicoecografista-medico-en-quito-2ED80EB48170B6FF61373E686DCF3405,Médico/Ecografista - Médico,saved_to_csv,2026-09-27T17:17:13.802048,https://ec.computrabajo.com/empleos-en-pichincha,18
367f0717e8b0fdf8,https://ec.computrabajo.com/ofertas-de-trabajo/oferta-de-trabajo-de-operarioa-albanil-tiempo-completo-en-quito-E26C4C87B4E4FA2161373E686DCF3405,Operario/a albañil - Tiempo completo,saved_to_csv,2026-09-27T17:17:14.932384,https://ec.computrabajo.com/empleos-en-pichincha,18
eb9d8daf949eb494,https://ec.computrabajo.com/ofertas-de-trabajo/oferta-de-trabajo-de-repartidor-motociclista-fines-de-semana-en-quito-BEC80DD4378C77CA61373E686DCF3405,Repartidor motociclista - Fines de semana,saved_to_csv,2026-09-27T17:17:16.092491,https://ec.computrabajo.com/empleos-en-pichincha,18
9f229c92b446ce3d,https://ec.computrabajo.com/ofertas-de-trabajo/oferta-de-trabajo-de-ejecutivo-de-ventas-campo-en-quito-B903739731119A2C61373E686DCF3405,Ejecutivo de ventas - Campo,saved_to_csv,2026-09-27T17:17:17.265753,https://ec.computrabajo.com/empleos-en-pichincha,18
a3cf60afae7c44bd,https://ec.computrabajo.com/ofertas-de-trabajo/oferta-de-trabajo-de-disenador-industrial-con-experiencia-en-quito-F6D8C2CFA542609D61373E686DCF3405,Diseñador Industrial - con experiencia,saved_to_csv,2026-09-27T17:17:18.414047,https://ec.computrabajo.com/empleos-en-pichincha,18
db3deebef0034fba,https://ec.computrabajo.com/ofertas-de-trabajo/oferta-de-trabajo-de-vendedor-mesero-norte-de-quito-en-quito-F6531D58273D88B961373E686DCF3405,Vendedor mesero - Norte de Quito,saved_to_csv,2026-09-27T17:17:19.584047,https://ec.computrabajo.com/empleos-en-pichincha,18
8bb352a2f497f81f,https://ec.computrabajo.com/ofertas-de-trabajo/oferta-de-trabajo-de-operador-de-prensa-prensista-offset-operacion-de-maquinaria-industrial-para-impresion-en-quito-071F5FA1297E349761373E686DCF3405,Operador de prensa - prensista Offset,saved_to_csv,2026-09-27T17:17:20.743475,https://ec.computrabajo.com/empleos-en-pichincha,18
e70a9748c523c470,https://ec.computrabajo.com/ofertas-de-trabajo/oferta-de-trabajo-de-impulsadora-en-quito-F3E6B0CBC57DE23861373E686DCF3405,impulsadora,saved_to_csv,2026-09-27T17:17:21.899014,https://ec.computrabajo.com/empleos-en-pichincha,18
ae663715d607564c,https://ec.computrabajo.com/ofertas-de-trabajo/oferta-de-trabajo-de-medico-veterinario-tiempo-completo-turnos-en-quito-5B3A624048FE482D61373E686DCF3405,Médico Veterinario - Turnos,saved_to_csv,2026-09-27T17:17:23.063813,https://ec.computrabajo.com/empleos-en-pichincha,18
d670f429b2f3e3a9,https://ec.computrabajo.com/ofertas-de-trabajo/oferta-de-trabajo-de-ayudante-de-cocina-en-quito-B6375E4016AA6E8461373E686DCF3405,Ayudante de cocina,saved_to_csv,2026-09-27T17:17:24.429369,https://ec.computrabajo.com/empleos-en-pichincha,19
4684060750507cfc,https://ec.computrabajo.com/ofertas-de-trabajo/oferta-de-trabajo-de-psicologo-en-quito-DB266F469A6B1C4361373E686DCF3405,Psicólogo,saved_to_csv,2026-09-27T17:17:25.589034,https://ec.computrabajo.com/empleos-en-pichincha,19
321c6252adeda55b,https://ec.computrabajo.com/ofertas-de-trabajo/oferta-de-trabajo-de-asesor-comercial-con-experiencia-en-textil-en-quito-7D412A77F476F82461373E686DCF3405,Asesor comercial - con experiencia en textil,saved_to_csv,2026-09-27T17:17:26.748880,https://ec.computrabajo.com/empleos-en-pichincha,19
29a71418d1e2bb3b,https://ec.computrabajo.com/ofertas-de-trabajo/oferta-de-trabajo-de-meseroa-de-medio-tiempo-en-quito-34ABF6BD942E1B5B61373E686DCF3405,Mesero/a de Medio Tiempo,saved_to_csv,2026-09-27T17:17:27.909415,https://ec.computrabajo.com/empleos-en-pichincha,19
d7290490308a16e7,https://ec.computrabajo.com/ofertas-de-trabajo/oferta-de-trabajo-de-asesora-de-atencion-al-cliente-en-quito-83EB507486B2135061373E686DCF3405,Asesor/a de atención al cliente,saved_to_csv,2026-09-27T17:17:29.046817,https://ec.computrabajo.com/empleos-en-pichincha,19
d3d0a6443c9a5bb6,https://ec.computrabajo.com/ofertas-de-trabajo/oferta-de-trabajo-de-auxiliar-electricista-electrico-en-quito-99BA5FE040B1F92361373E686DCF3405,Auxiliar electricista/ eléctrico,saved_to_csv,2026-09-27T17:17:30.201242,https://ec.computrabajo.com/empleos-en-pichincha,19
9b0d9aff1a60a727,https://ec.computrabajo.com/ofertas-de-trabajo/oferta-de-trabajo-de-asistente-recepcionista-spa-holistico-quito-en-quito-1901AB42758C7E0061373E686DCF3405,Asistente recepcionista - Spa Holistico Quito,saved_to_csv,2026-09-27T17:17:31.337604,https://ec.computrabajo.com/empleos-en-pichincha,19
4dc055e37bf32e96,https://ec.computrabajo.com/ofertas-de-trabajo/oferta-de-trabajo-de-egresado-o-graduado-de-contabilidad-y-auditoria-con-experiencia-1-ano-en-quito-D00A3AAF84F3B07661373E686DCF3405,Egresado o graduado de Contabilidad y Auditoría - Con experiencia 1 año,saved_to_csv,2026-09-27T17:17:32.502567,https://ec.computrabajo.com/empleos-en-pichincha,19
9d9b3d86c9975577,https://ec.computrabajo.com/ofertas-de-trabajo/oferta-de-trabajo-de-supervisor-comercial-apertura-de-sucursal-en-quito-9237085AA607569F61373E686DCF3405,Supervisor comercial - Apertura de sucursal,saved_to_csv,2026-09-27T17:17:33.681847,https://ec.computrabajo.com/empleos-en-pichincha,19
3132fbdecafc8df5,https://ec.computrabajo.com/ofertas-de-trabajo/oferta-de-trabajo-de-asesor-credito-apertura-de-sucursal-en-quito-29B546C75D0053AF61373E686DCF3405,Asesor crédito - Apertura de sucursal,saved_to_csv,2026-09-27T17:17:34.825605,https://ec.computrabajo.com/empleos-en-pichincha,19
f9e16de742792e82,https://ec.computrabajo.com/ofertas-de-trabajo/oferta-de-trabajo-de-atencion-al-cliente-farmacia-en-quito-F8D11F5AC008E66761373E686DCF3405,Asesor de Farmacia,saved_to_csv,2026-09-27T17:17:35.969885,https://ec.computrabajo.com/empleos-en-pichincha,19
dc8b2a6cc461cbe9,https://ec.computrabajo.com/ofertas-de-trabajo/oferta-de-trabajo-de-impulsadora-quito-centro-y-sur-en-quito-A696DB98E569D7C561373E686DCF3405,Impulsador/a - Quito centro y sur,saved_to_csv,2026-09-27T17:17:37.107214,https://ec.computrabajo.com/empleos-en-pichincha,19
b2d4eff68c454d9f,https://ec.computrabajo.com/ofertas-de-trabajo/oferta-de-trabajo-de-asistente-contable-asistente-contable-en-ruminahui-32CEF571D702F51261373E686DCF3405,Asistente Contable - Asistente Contable,saved_to_csv,2026-09-27T17:17:38.250087,https://ec.computrabajo.com/empleos-en-pichincha,19
ce0398a7c1d6bd31,https://ec.computrabajo.com/ofertas-de-trabajo/oferta-de-trabajo-de-ejecutivoa-comercial-senior-comercio-exterior-y-logisitca-con-experiencia-en-quito-DE29332A6A5F7E1061373E686DCF3405,Ejecutivo/a Comercial Senior Comercio Exterior y Logísitca - con experiencia,saved_to_csv,2026-09-27T17:17:39.379595,https://ec.computrabajo.com/empleos-en-pichincha,19
92c4476f43d001bd,https://ec.computrabajo.com/ofertas-de-trabajo/oferta-de-trabajo-de-asistente-de-diseno-grafico-en-quito-16A78EDA0D4B640361373E686DCF3405,Asistente de diseño Gráfico,saved_to_csv,2026-09-27T17:17:40.491538,https://ec.computrabajo.com/empleos-en-pichincha,19
c1a39cdbb4b94647,https://ec.computrabajo.com/ofertas-de-trabajo/oferta-de-trabajo-de-asistentea-de-cocina-en-quito-F5C50CC9079F565561373E686DCF3405,Asistente/a de cocina,saved_to_csv,2026-09-27T17:17:41.688758,https://ec.computrabajo.com/empleos-en-pichincha,19
7877e8ab6642ec7e,https://ec.computrabajo.com/ofertas-de-trabajo/oferta-de-trabajo-de-mecanico-automotriz-a-gasolina-en-quito-FEEE9D3FEA46698461373E686DCF3405,Mecánico automotriz - a gasolina,saved_to_csv,2026-09-27T17:17:42.829219,https://ec.computrabajo.com/empleos-en-pichincha,19
81685910b9eced3b,https://ec.computrabajo.com/ofertas-de-trabajo/oferta-de-trabajo-de-contador-financiero-en-quito-C7FF248F426989C261373E686DCF3405,Contador financiero,saved_to_csv,2026-09-27T17:17:43.958628,https://ec.computrabajo.com/empleos-en-pichincha,19
e00aa9a34221e7b0,https://ec.computrabajo.com/ofertas-de-trabajo/oferta-de-trabajo-de-buscamos-cocinera-jornada-completa-en-quito-F43D51621D9FF92761373E686DCF3405,Buscamos Cocinera - Jornada completa,saved_to_csv,2026-09-27T17:17:45.126048,https://ec.computrabajo.com/empleos-en-pichincha,19
2a3519cbfed5fd07,https://ec.computrabajo.com/ofertas-de-trabajo/oferta-de-trabajo-de-asesor-comercial-ejecutivo-de-ventas-en-quito-8921560C05B1E22261373E686DCF3405,asesor comercial - ejecutivo de ventas,saved_to_csv,2026-09-27T17:17:46.269481,https://ec.computrabajo.com/empleos-en-pichincha,19
a3aa6ce5e526b1e7,https://ec.computrabajo.com/ofertas-de-trabajo/oferta-de-trabajo-de-teleoperadora-medio-turno-en-quito-873B1F0301D167C961373E686DCF3405,Teleoperador/a - Medio turno,saved_to_csv,2026-09-27T17:17:47.661232,https://ec.computrabajo.com/empleos-en-pichincha,20
67f4fd8b49db2b33,https://ec.computrabajo.com/ofertas-de-trabajo/oferta-de-trabajo-de-vendedor-comercial-en-ruminahui-B893554377C245C561373E686DCF3405,Vendedor Comercial,saved_to_csv,2026-09-27T17:17:48.857005,https://ec.computrabajo.com/empleos-en-pichincha,20
612ff12e7ff39e1b,https://ec.computrabajo.com/ofertas-de-trabajo/oferta-de-trabajo-de-vendedores-tecnicos-conocimiento-revestimientos-y-epoxicos-indust-en-quito-7646A47CF1B3C4B461373E686DCF3405,Asesor/a técnico comercial - conocimiento ventas en revestimientos y epóxicos,saved_to_csv,2026-09-27T17:17:50.002474,https://ec.computrabajo.com/empleos-en-pichincha,20
70776c520767b913,https://ec.computrabajo.com/ofertas-de-trabajo/oferta-de-trabajo-de-operador-produccion-con-experiencia-en-quito-38FBA569CE7FA3DB61373E686DCF3405,Operador producción - con experiencia,saved_to_csv,2026-09-27T17:17:51.143168,https://ec.computrabajo.com/empleos-en-pichincha,20
7150a5769cd7fe2b,https://ec.computrabajo.com/ofertas-de-trabajo/oferta-de-trabajo-de-auxiliar-de-enfermeria-con-experiencia-en-quito-2922374697425C2A61373E686DCF3405,Auxiliar de enfermería - con experiencia,saved_to_csv,2026-09-27T17:17:52.287323,https://ec.computrabajo.com/empleos-en-pichincha,20
fbd8fc6df630a2b1,https://ec.computrabajo.com/ofertas-de-trabajo/oferta-de-trabajo-de-manicurista-servicio-profesional-en-quito-38CBE582A187AC1861373E686DCF3405,Manicurista - Servicio Profesional,saved_to_csv,2026-09-27T17:17:53.460762,https://ec.computrabajo.com/empleos-en-pichincha,20
62f7e4070aa62d25,https://ec.computrabajo.com/ofertas-de-trabajo/oferta-de-trabajo-de-consultor-comercial-senior-b2b-en-quito-12828016F770741F61373E686DCF3405,Consultor comercial - senior b2b,saved_to_csv,2026-09-27T17:17:54.589419,https://ec.computrabajo.com/empleos-en-pichincha,20
d91e6105ce5b6718,https://ec.computrabajo.com/ofertas-de-trabajo/oferta-de-trabajo-de-medico-radiologo-en-quito-661A19E5EE6DDE3861373E686DCF3405,Medico Radiologo,saved_to_csv,2026-09-27T17:17:55.727442,https://ec.computrabajo.com/empleos-en-pichincha,20
b863077d8457025e,https://ec.computrabajo.com/ofertas-de-trabajo/oferta-de-trabajo-de-coordinador-comercial-tiempo-completo-en-quito-06CE130588F0856F61373E686DCF3405,Coordinador comercial - Tiempo completo,saved_to_csv,2026-09-27T17:17:56.868591,https://ec.computrabajo.com/empleos-en-pichincha,20
663f0236ef4463ed,https://ec.computrabajo.com/ofertas-de-trabajo/oferta-de-trabajo-de-asistente-contabilidad-asistente-contable-en-ruminahui-214AD2A543B55EE561373E686DCF3405,Asistente contabilidad - Asistente Contable,saved_to_csv,2026-09-27T17:17:58.007763,https://ec.computrabajo.com/empleos-en-pichincha,20
ce2181bea83d4918,https://ec.computrabajo.com/ofertas-de-trabajo/oferta-de-trabajo-de-comunicacion-y-artes-graficas-practicas-en-quito-8C0E2B4DA9615AFA61373E686DCF3405,Comunicación y artes gráficas - Prácticas,saved_to_csv,2026-09-27T17:17:59.091907,https://ec.computrabajo.com/empleos-en-pichincha,20
d4e69a51fa47ef21,https://ec.computrabajo.com/ofertas-de-trabajo/oferta-de-trabajo-de-asesor-de-ventas-conocimientos-de-diseno-tiempo-completo-en-quito-A5DF2C02B46726FE61373E686DCF3405,Asesor de Ventas Conocimientos de Diseño - Tiempo completo,saved_to_csv,2026-09-27T17:18:00.252480,https://ec.computrabajo.com/empleos-en-pichincha,20
8d862e08535e640e,https://ec.computrabajo.com/ofertas-de-trabajo/oferta-de-trabajo-de-director-de-proyecto-con-experiencia-en-quito-517BC3043537044361373E686DCF3405,Director de proyecto - Con experiencia,saved_to_csv,2026-09-27T17:18:01.402624,https://ec.computrabajo.com/empleos-en-pichincha,20
d750f7794b17ecfc,https://ec.computrabajo.com/ofertas-de-trabajo/oferta-de-trabajo-de-docente-de-informatica-en-quito-B8422456B876C60361373E686DCF3405,Docente de informática,saved_to_csv,2026-09-27T17:18:02.526832,https://ec.computrabajo.com/empleos-en-pichincha,20
7c24f1d6a006889d,https://ec.computrabajo.com/ofertas-de-trabajo/oferta-de-trabajo-de-docente-de-mercadotecnia-de-la-moda-en-quito-3F94284A15EE12B361373E686DCF3405,Docente de Mercadotecnia de la Moda,saved_to_csv,2026-09-27T17:18:03.676051,https://ec.computrabajo.com/empleos-en-pichincha,20
eb5baafc8d2cc3d3,https://ec.computrabajo.com/ofertas-de-trabajo/oferta-de-trabajo-de-asistente-de-marketing-en-quito-708BA1A4D6EA48B661373E686DCF3405,Asistente de Marketing,saved_to_csv,2026-09-27T17:18:04.833266,https://ec.computrabajo.com/empleos-en-pichincha,20
a957696f1842821c,https://ec.computrabajo.com/ofertas-de-trabajo/oferta-de-trabajo-de-especialista-en-soluciones-tecnicas-technical-solutions-specialist-en-quito-86FD01ED772FB89B61373E686DCF3405,Especialista en Soluciones Técnicas Technical Solutions Specialist,saved_to_csv,2026-09-27T17:18:05.971115,https://ec.computrabajo.com/empleos-en-pichincha,20
0c3f36a7fe6d2d42,https://ec.computrabajo.com/ofertas-de-trabajo/oferta-de-trabajo-de-desarrollador-programador-programador-laravel-view-con-experiencia-en-ruminahui-842CE70B0E8DCAD961373E686DCF3405,"Desarrollador programador - Programador Laravel, View con experiencia",saved_to_csv,2026-09-27T17:18:07.134983,https://ec.computrabajo.com/empleos-en-pichincha,20
cbac221e53e19b5d,https://ec.computrabajo.com/ofertas-de-trabajo/oferta-de-trabajo-de-atencion-al-cliente-senorita-carismatica-en-quito-8A3D62387434469D61373E686DCF3405,Atencion al cliente - Señorita Carismática,saved_to_csv,2026-09-27T17:18:08.296670,https://ec.computrabajo.com/empleos-en-pichincha,20
07a18403a1f46c9c,https://ec.computrabajo.com/ofertas-de-trabajo/oferta-de-trabajo-de-asistente-de-ventas-en-quito-F4234BBE28A51FF061373E686DCF3405,Asistente de ventas,saved_to_csv,2026-09-27T17:18:09.421263,https://ec.computrabajo.com/empleos-en-pichincha,20
65884f57b7cb98b4,https://ec.computrabajo.com/ofertas-de-trabajo/oferta-de-trabajo-de-ejecutivao-de-ventas-tabacundo-experiencia-en-floricolas-en-pedro-moncayo-8F57C5DBB598141761373E686DCF3405,Ejecutiva/o de Ventas Tabacundo - Experiencia en Florícolas,saved_to_csv,2026-09-27T17:18:10.896447,https://ec.computrabajo.com/empleos-en-pichincha,21
775e1c9ff2d4004e,https://ec.computrabajo.com/ofertas-de-trabajo/oferta-de-trabajo-de-ayudante-de-cocina-norte-de-quito-en-quito-6908A1548A8553E461373E686DCF3405,Ayudante de Cocina - Norte de Quito,saved_to_csv,2026-09-27T17:18:12.045424,https://ec.computrabajo.com/empleos-en-pichincha,21
a612365a8a2c8108,https://ec.computrabajo.com/ofertas-de-trabajo/oferta-de-trabajo-de-asistente-administrativo-y-contable-experiencia-comprobable-en-quito-F5A9546B60373B7C61373E686DCF3405,Asistente administrativo y contable - Experiencia comprobable,saved_to_csv,2026-09-27T17:18:13.216778,https://ec.computrabajo.com/empleos-en-pichincha,21
e302014af21a6cd4,https://ec.computrabajo.com/ofertas-de-trabajo/oferta-de-trabajo-de-asesor-comercial-en-quito-264CA62A3A6F3B0061373E686DCF3405,Asesor comercial,saved_to_csv,2026-09-27T17:18:14.352189,https://ec.computrabajo.com/empleos-en-pichincha,21
b7a7b7e34c834896,https://ec.computrabajo.com/ofertas-de-trabajo/oferta-de-trabajo-de-tecnico-bobinador-electrico-con-experiencia-en-quito-CE7800EDE6E7E57161373E686DCF3405,Técnico bobinador eléctrico - con experiencia,saved_to_csv,2026-09-27T17:18:15.493767,https://ec.computrabajo.com/empleos-en-pichincha,21
fdef168966b18fa3,https://ec.computrabajo.com/ofertas-de-trabajo/oferta-de-trabajo-de-ejecutivoa-de-operaciones-turisticas-con-experiencia-en-quito-5FFFC80E43C2535E61373E686DCF3405,Ejecutivo(a) de Operaciones Turísticas,saved_to_csv,2026-09-27T17:18:16.657054,https://ec.computrabajo.com/empleos-en-pichincha,21
5a8913bdcda86867,https://ec.computrabajo.com/ofertas-de-trabajo/oferta-de-trabajo-de-docente-de-lengua-y-literatura-estudios-sociales-matutina-en-quito-51BF388A622F133A61373E686DCF3405,Docente de Lengua y literatura/ Estudios Sociales - Matutina,saved_to_csv,2026-09-27T17:18:17.799637,https://ec.computrabajo.com/empleos-en-pichincha,21
4b3a59dd95ad98ef,https://ec.computrabajo.com/ofertas-de-trabajo/oferta-de-trabajo-de-docente-en-idiomas-matutina-en-quito-620E47C8836928C461373E686DCF3405,Docente en idiomas - Matutina,saved_to_csv,2026-09-27T17:18:18.940425,https://ec.computrabajo.com/empleos-en-pichincha,21
2434d8a083df36cf,https://ec.computrabajo.com/ofertas-de-trabajo/oferta-de-trabajo-de-docente-de-lengua-y-literatura-estudios-sociales-matutina-en-quito-FE1C604C94E9A5C961373E686DCF3405,Docente de Lengua y Literatura /Estudios Sociales - Matutina,saved_to_csv,2026-09-27T17:18:20.071688,https://ec.computrabajo.com/empleos-en-pichincha,21
793d4e2f7416dcb6,https://ec.computrabajo.com/ofertas-de-trabajo/oferta-de-trabajo-de-cocineroa-en-mejia-F1BFCE390407F39361373E686DCF3405,Cocinero/a,saved_to_csv,2026-09-27T17:18:21.260214,https://ec.computrabajo.com/empleos-en-pichincha,21
981234bf302d3f59,https://ec.computrabajo.com/ofertas-de-trabajo/oferta-de-trabajo-de-disenador-web-wordpress-senior-uxui-en-quito-9F1EE42A682C643061373E686DCF3405,Diseñador web wordpress senior - ux/ui,saved_to_csv,2026-09-27T17:18:22.418623,https://ec.computrabajo.com/empleos-en-pichincha,21
c5fea52cca07c12c,https://ec.computrabajo.com/ofertas-de-trabajo/oferta-de-trabajo-de-especialista-en-ciclo-de-ingresos-y-autorizaciones-bilingue-facturacion-autorizaciones-y-atencion-al-cliente-en-quito-B9C19ADE479A9FFD61373E686DCF3405,"Especialista en Ciclo de Ingresos y Autorizaciones (Bilingüe) - Facturación, autorizaciones y atención al cliente",saved_to_csv,2026-09-27T17:18:23.572632,https://ec.computrabajo.com/empleos-en-pichincha,21
d04216d620727d1a,https://ec.computrabajo.com/ofertas-de-trabajo/oferta-de-trabajo-de-promotora-telefonica-call-center-medio-tiempo-en-quito-7D0307EAE3A5D3AA61373E686DCF3405,Promotora telefonica - Call Center medio tiempo,saved_to_csv,2026-09-27T17:18:24.722801,https://ec.computrabajo.com/empleos-en-pichincha,21
af6f822e9a0e8b97,https://ec.computrabajo.com/ofertas-de-trabajo/oferta-de-trabajo-de-asistente-dental-con-experiencia-en-el-area-odontologica-en-quito-36556C6DD4BD78B161373E686DCF3405,asistente dental - Con experiencia en el área odontológica,saved_to_csv,2026-09-27T17:18:25.859362,https://ec.computrabajo.com/empleos-en-pichincha,21
00cac9baa0d0747b,https://ec.computrabajo.com/ofertas-de-trabajo/oferta-de-trabajo-de-odontologao-con-especialidad-en-ortodoncia-ortodoncista-en-quito-40540B1D6C97828161373E686DCF3405,Odontóloga/o con especialidad en Ortodoncia - Ortodoncista,saved_to_csv,2026-09-27T17:18:26.979886,https://ec.computrabajo.com/empleos-en-pichincha,21
d84b5b4fcc0b7cf4,https://ec.computrabajo.com/ofertas-de-trabajo/oferta-de-trabajo-de-enfermera-neonatologa-en-quito-BB0A22C01EDD0A4A61373E686DCF3405,Enfermera Neonatóloga,saved_to_csv,2026-09-27T17:18:28.139938,https://ec.computrabajo.com/empleos-en-pichincha,21
a2dba4882a9b292c,https://ec.computrabajo.com/ofertas-de-trabajo/oferta-de-trabajo-de-auxilia-de-enfermeria-neonatologia-en-quito-6021EACE6C6F16BA61373E686DCF3405,Auxilia de Enfermería - Neonatología,saved_to_csv,2026-09-27T17:18:29.265425,https://ec.computrabajo.com/empleos-en-pichincha,21
931276172115fb23,https://ec.computrabajo.com/ofertas-de-trabajo/oferta-de-trabajo-de-ejecutivo-comercial-b2c-telefonico-presencial-con-experiencia-en-educacion-en-quito-77FF1446EA26506661373E686DCF3405,Ejecutivo comercial B2C / telefónico - presencial con experiencia en educación,saved_to_csv,2026-09-27T17:18:30.411150,https://ec.computrabajo.com/empleos-en-pichincha,21
e1603d54449fe511,https://ec.computrabajo.com/ofertas-de-trabajo/oferta-de-trabajo-de-especialista-de-costos-en-ruminahui-600835177F7797CB61373E686DCF3405,Especialista de Costos,saved_to_csv,2026-09-27T17:18:31.573529,https://ec.computrabajo.com/empleos-en-pichincha,21
196db2016b591624,https://ec.computrabajo.com/ofertas-de-trabajo/oferta-de-trabajo-de-mecanico-industrial-turnos-rotativos-en-quito-8E6E23279210BE7D61373E686DCF3405,Mecánico industrial - turnos rotativos,saved_to_csv,2026-09-27T17:18:32.750522,https://ec.computrabajo.com/empleos-en-pichincha,21
5b3d818bf39dfee6,https://ec.computrabajo.com/ofertas-de-trabajo/oferta-de-trabajo-de-atencion-al-cliente-asesor-de-credito-en-quito-15A59BBA90E5C00561373E686DCF3405,Atención al cliente / Asesor de crédito,saved_to_csv,2026-09-27T17:18:34.128792,https://ec.computrabajo.com/empleos-en-pichincha,22
1bde8f5cc844d4bb,https://ec.computrabajo.com/ofertas-de-trabajo/oferta-de-trabajo-de-mensajeroa-motorizadoa-en-quito-994713CA7178BD0E61373E686DCF3405,Mensajero/a motorizado/a,saved_to_csv,2026-09-27T17:18:35.270459,https://ec.computrabajo.com/empleos-en-pichincha,22
800295de90d811de,https://ec.computrabajo.com/ofertas-de-trabajo/oferta-de-trabajo-de-vendedorasupervisora-quito-sur-en-quito-6C641F838F0620B961373E686DCF3405,Vendedora/Supervisora - Quito Sur,saved_to_csv,2026-09-27T17:18:36.427809,https://ec.computrabajo.com/empleos-en-pichincha,22
769dbeb64c372787,https://ec.computrabajo.com/ofertas-de-trabajo/oferta-de-trabajo-de-asesora-comercial-tiempo-completo-en-ruminahui-A87F3D6EC8166FA861373E686DCF3405,Asesor/a comercial - tiempo completo,saved_to_csv,2026-09-27T17:18:37.650071,https://ec.computrabajo.com/empleos-en-pichincha,22
65eef2446b750e47,https://ec.computrabajo.com/ofertas-de-trabajo/oferta-de-trabajo-de-asesor-comercial-de-neumaticos-experiencia-en-comercializacion-de-neumaticos-en-quito-DBDEF2FD9483320F61373E686DCF3405,Asesor Comercial de neumáticos - Experiencia en comercialización de neumáticos,saved_to_csv,2026-09-27T17:18:38.784489,https://ec.computrabajo.com/empleos-en-pichincha,22
c4129e3803b7d928,https://ec.computrabajo.com/ofertas-de-trabajo/oferta-de-trabajo-de-auxiliar-contable-polifuncional-en-quito-6F4C8436B64A202861373E686DCF3405,Auxiliar Contable - Polifuncional,saved_to_csv,2026-09-27T17:18:39.932957,https://ec.computrabajo.com/empleos-en-pichincha,22
0f595bc164647e07,https://ec.computrabajo.com/ofertas-de-trabajo/oferta-de-trabajo-de-mecanico-alineador-en-quito-F91A0404647CF9A661373E686DCF3405,Mecánico alineador,saved_to_csv,2026-09-27T17:18:41.097475,https://ec.computrabajo.com/empleos-en-pichincha,22
db83d0a650604c34,https://ec.computrabajo.com/ofertas-de-trabajo/oferta-de-trabajo-de-mecanico-automotriz-en-quito-C3F5731C4FA1FEB661373E686DCF3405,Mecánico automotriz,saved_to_csv,2026-09-27T17:18:42.233031,https://ec.computrabajo.com/empleos-en-pichincha,22
5fb14359edfc9760,https://ec.computrabajo.com/ofertas-de-trabajo/oferta-de-trabajo-de-dermatologoa-en-quito-FA135CE0549F596261373E686DCF3405,Dermatólogo/a,saved_to_csv,2026-09-27T17:18:43.391148,https://ec.computrabajo.com/empleos-en-pichincha,22
1cbb7ec960c55c6e,https://ec.computrabajo.com/ofertas-de-trabajo/oferta-de-trabajo-de-asesor-comercial-en-quito-A5B2FBA53C48502361373E686DCF3405,Asesor comercial,saved_to_csv,2026-09-27T17:18:44.533784,https://ec.computrabajo.com/empleos-en-pichincha,22
92eda788599cde9e,https://ec.computrabajo.com/ofertas-de-trabajo/oferta-de-trabajo-de-instalador-de-auto-lujos-y-acceosiors-instalador-en-quito-3D1CB854CE82C29461373E686DCF3405,Instalador de auto lujos y acceosiors - Instalador,saved_to_csv,2026-09-27T17:18:45.691878,https://ec.computrabajo.com/empleos-en-pichincha,22
0e69d9a7156da8e6,https://ec.computrabajo.com/ofertas-de-trabajo/oferta-de-trabajo-de-bartender-en-quito-7FF0ECFBF388C86661373E686DCF3405,Bartender,saved_to_csv,2026-09-27T17:18:46.858080,https://ec.computrabajo.com/empleos-en-pichincha,22
b8630f0236216d4e,https://ec.computrabajo.com/ofertas-de-trabajo/oferta-de-trabajo-de-coordinador-comercial-en-quito-00C24EEA86C61A4F61373E686DCF3405,Coordinador comercial,saved_to_csv,2026-09-27T17:18:48.020573,https://ec.computrabajo.com/empleos-en-pichincha,22
4c312208eadca8e2,https://ec.computrabajo.com/ofertas-de-trabajo/oferta-de-trabajo-de-mecanico-automotriz-junior-asistente-automotriz-en-quito-FE5E47F65D73A89861373E686DCF3405,Mecánico Automotriz Junior / Asistente Automotriz,saved_to_csv,2026-09-27T17:18:49.158297,https://ec.computrabajo.com/empleos-en-pichincha,22
1fd93f2eac05273d,https://ec.computrabajo.com/ofertas-de-trabajo/oferta-de-trabajo-de-palafrenero-rotativo-en-quito-39E088951658425E61373E686DCF3405,Palafrenero - Rotativo,saved_to_csv,2026-09-27T17:18:50.313373,https://ec.computrabajo.com/empleos-en-pichincha,22
6b6e3858fb1e58bd,https://ec.computrabajo.com/ofertas-de-trabajo/oferta-de-trabajo-de-operario-bodeguero-auxiliar-administrativo-con-experiencia-en-quito-D1F6C916892D7FCD61373E686DCF3405,Operario Bodeguero Auxiliar Administrativo - Con experiencia,saved_to_csv,2026-09-27T17:18:51.461102,https://ec.computrabajo.com/empleos-en-pichincha,22
50ba4b2a5211744a,https://ec.computrabajo.com/ofertas-de-trabajo/oferta-de-trabajo-de-tecnico-en-refrigeracion-en-quito-4F36E955346A17FE61373E686DCF3405,Tecnico en refrigeración,saved_to_csv,2026-09-27T17:18:52.611825,https://ec.computrabajo.com/empleos-en-pichincha,22
a9512f809deab446,https://ec.computrabajo.com/ofertas-de-trabajo/oferta-de-trabajo-de-asistente-legal-en-quito-14F2A385BA3B657861373E686DCF3405,Asistente legal,saved_to_csv,2026-09-27T17:18:53.717991,https://ec.computrabajo.com/empleos-en-pichincha,22
a6ab03917ed298b6,https://ec.computrabajo.com/ofertas-de-trabajo/oferta-de-trabajo-de-asistente-de-diseno-grafico-y-marketing-en-quito-D5D82707CC2BD55E61373E686DCF3405,Asistente de Diseño Gráfico y Marketing,saved_to_csv,2026-09-27T17:18:54.879771,https://ec.computrabajo.com/empleos-en-pichincha,22
1f887c75427c9221,https://ec.computrabajo.com/ofertas-de-trabajo/oferta-de-trabajo-de-recepcionista-atencion-al-cliente-horarios-rotativos-en-quito-81DC9305F30CE67461373E686DCF3405,Recepcionista atención al cliente - Horarios Rotativos,saved_to_csv,2026-09-27T17:18:56.017996,https://ec.computrabajo.com/empleos-en-pichincha,22
30d26d9c6119a918,https://ec.computrabajo.com/ofertas-de-trabajo/oferta-de-trabajo-de-cocinero-en-quito-7952177CF3868A4761373E686DCF3405,Cocinero,saved_to_csv,2026-09-27T17:18:57.380648,https://ec.computrabajo.com/empleos-en-pichincha,23
2cf1378af470b5aa,https://ec.computrabajo.com/ofertas-de-trabajo/oferta-de-trabajo-de-ingeniero-mecanicos-con-conocimiento-en-comercializacion-de-productos-en-quito-DEB6C7F10453469461373E686DCF3405,Ingenieros Mecánicos - con conocimiento en comercialización de productos,saved_to_csv,2026-09-27T17:18:58.528963,https://ec.computrabajo.com/empleos-en-pichincha,23
1a46fdcf4d9c6adb,https://ec.computrabajo.com/ofertas-de-trabajo/oferta-de-trabajo-de-dibujante-de-autocad-en-quito-5D58EC39C4EFAC1261373E686DCF3405,Dibujante de AutoCAD,saved_to_csv,2026-09-27T17:18:59.664360,https://ec.computrabajo.com/empleos-en-pichincha,23
7c558055cd95eee0,https://ec.computrabajo.com/ofertas-de-trabajo/oferta-de-trabajo-de-cocineroa-con-experiencia-en-quito-7988DEDDA314CD4861373E686DCF3405,Cocinero/a - con experiencia,saved_to_csv,2026-09-27T17:19:00.806108,https://ec.computrabajo.com/empleos-en-pichincha,23
ba96459824d3beb5,https://ec.computrabajo.com/ofertas-de-trabajo/oferta-de-trabajo-de-ingeniero-mecanicocivil-en-quito-D1DDBE0155BCD1EE61373E686DCF3405,Ingeniero Mecanico/Civil,saved_to_csv,2026-09-27T17:19:01.913805,https://ec.computrabajo.com/empleos-en-pichincha,23
9420f275957287a5,https://ec.computrabajo.com/ofertas-de-trabajo/oferta-de-trabajo-de-coordinador-de-caja-y-atencion-al-paciente-experiencia-en-clinicas-dentales-en-quito-2B694750DA2232FB61373E686DCF3405,Coordinador de Caja y Atención al Paciente - Experiencia en Clínicas Dentales,saved_to_csv,2026-09-27T17:19:03.079235,https://ec.computrabajo.com/empleos-en-pichincha,23
19e52aff34234b59,https://ec.computrabajo.com/ofertas-de-trabajo/oferta-de-trabajo-de-despachador-mercaderia-carga-pesada-en-quito-D22C23A8CBA0A3EC61373E686DCF3405,Médico/a veterinario zootecnista - Cirugías,saved_to_csv,2026-09-27T17:19:04.228507,https://ec.computrabajo.com/empleos-en-pichincha,23
5729ab6d84238a10,https://ec.computrabajo.com/ofertas-de-trabajo/oferta-de-trabajo-de-jardineroa-jardinero-auxiliar-de-vivero-y-cultivo-en-quito-773ACCF3C7E1E6DC61373E686DCF3405,Jardinero/a - Jardinero Auxiliar de Vivero y Cultivo,saved_to_csv,2026-09-27T17:19:05.388495,https://ec.computrabajo.com/empleos-en-pichincha,23
9acf3aaa2652b84f,https://ec.computrabajo.com/ofertas-de-trabajo/oferta-de-trabajo-de-asesor-comercial-ventas-y-distribucion-en-quito-9446749237F2D3DB61373E686DCF3405,Asesor Comercial - Ventas y distribución,saved_to_csv,2026-09-27T17:19:06.518163,https://ec.computrabajo.com/empleos-en-pichincha,23
0d4f1926c56a4d55,https://ec.computrabajo.com/ofertas-de-trabajo/oferta-de-trabajo-de-salonera-profesional-en-quito-1787E21BFFED2C9261373E686DCF3405,Salonera Profesional,saved_to_csv,2026-09-27T17:19:07.673855,https://ec.computrabajo.com/empleos-en-pichincha,23
8fd45392036b5d72,https://ec.computrabajo.com/ofertas-de-trabajo/oferta-de-trabajo-de-operadora-de-call-center-en-quito-1D39E500C7AD3A1361373E686DCF3405,Operador/a de call center,saved_to_csv,2026-09-27T17:19:08.813737,https://ec.computrabajo.com/empleos-en-pichincha,23
22495bd7b5d0077d,https://ec.computrabajo.com/ofertas-de-trabajo/oferta-de-trabajo-de-ejecutivo-comercial-freelance-con-experiencia-en-ventas-en-quito-538376A2DB9D56CC61373E686DCF3405,Ejecutivo Comercial Freelance - Con experiencia en ventas,saved_to_csv,2026-09-27T17:19:09.959438,https://ec.computrabajo.com/empleos-en-pichincha,23
f1363db4fdc93810,https://ec.computrabajo.com/ofertas-de-trabajo/oferta-de-trabajo-de-oficial-de-cumplimiento-uafe-en-quito-03A3411A6D832E3761373E686DCF3405,Oficial de cumplimiento uafe,saved_to_csv,2026-09-27T17:19:11.136370,https://ec.computrabajo.com/empleos-en-pichincha,23
221aa1c5696fbe07,https://ec.computrabajo.com/ofertas-de-trabajo/oferta-de-trabajo-de-asesora-de-ventas-moda-retail-cumbaya-y-valle-de-los-chillos-en-quito-AFE973BAFD9003D561373E686DCF3405,Asesora de ventas Moda Retail - Cumbaya y Valle de los Chillos,saved_to_csv,2026-09-27T17:19:12.292253,https://ec.computrabajo.com/empleos-en-pichincha,23
f41a7af1f2cbc51b,https://ec.computrabajo.com/ofertas-de-trabajo/oferta-de-trabajo-de-cocinero-parrillero-en-quito-6545266DF5A3E42D61373E686DCF3405,Cocinero parrillero,saved_to_csv,2026-09-27T17:19:13.446470,https://ec.computrabajo.com/empleos-en-pichincha,23
5c14e207561da75b,https://ec.computrabajo.com/ofertas-de-trabajo/oferta-de-trabajo-de-ayudante-de-cocina-en-quito-9DF783B6FFE6CCCA61373E686DCF3405,Ayudante de cocina,saved_to_csv,2026-09-27T17:19:14.587067,https://ec.computrabajo.com/empleos-en-pichincha,23
35b8c6608dda827b,https://ec.computrabajo.com/ofertas-de-trabajo/oferta-de-trabajo-de-ejecutivoa-comercial-en-quito-4E41623C74D8EDA061373E686DCF3405,Ejecutivo/a comercial,saved_to_csv,2026-09-27T17:19:15.728854,https://ec.computrabajo.com/empleos-en-pichincha,23
1bf42ba768c00c0e,https://ec.computrabajo.com/ofertas-de-trabajo/oferta-de-trabajo-de-asistente-contable-operativo-licen-contabilidad-y-auditoria-cpa-en-quito-0F5B745D595B5FC461373E686DCF3405,Asistente Contable Operativo - Licen. Contabilidad y Auditoria CPA,saved_to_csv,2026-09-27T17:19:16.890095,https://ec.computrabajo.com/empleos-en-pichincha,23
dce47aa26cf6f3b2,https://ec.computrabajo.com/ofertas-de-trabajo/oferta-de-trabajo-de-instrumentadora-visitador-medico-en-quito-8B45A94EFB7B064A61373E686DCF3405,Instrumentador/a - visitador medico,saved_to_csv,2026-09-27T17:19:18.049829,https://ec.computrabajo.com/empleos-en-pichincha,23
cd858593702c8e77,https://ec.computrabajo.com/ofertas-de-trabajo/oferta-de-trabajo-de-traductora-turno-diurno-con-o-sin-experiencia-en-quito-819D29F93EB8E53161373E686DCF3405,"Traductor/a - Turno diurno, con o sin experiencia",saved_to_csv,2026-09-27T17:19:19.241043,https://ec.computrabajo.com/empleos-en-pichincha,23
fd0ad52f4c7dc2d1,https://ec.computrabajo.com/ofertas-de-trabajo/oferta-de-trabajo-de-analista-de-talento-humano-los-chillos-en-quito-50B9998261DEB4F661373E686DCF3405,Analista de Talento Humano - Los Chillos,saved_to_csv,2026-09-27T17:19:20.576087,https://ec.computrabajo.com/empleos-en-pichincha,24
b5964b6f2b804988,https://ec.computrabajo.com/ofertas-de-trabajo/oferta-de-trabajo-de-call-center-sin-experiencia-en-quito-09F5F0284C1F488861373E686DCF3405,Call center - Sin experiencia,saved_to_csv,2026-09-27T17:19:21.731515,https://ec.computrabajo.com/empleos-en-pichincha,24
ed389e7f5bc9c4b0,https://ec.computrabajo.com/ofertas-de-trabajo/oferta-de-trabajo-de-agente-de-ventas-bilingue-en-quito-172EB35F2DA5E13A61373E686DCF3405,Agente de ventas - Bilingue,saved_to_csv,2026-09-27T17:19:22.871522,https://ec.computrabajo.com/empleos-en-pichincha,24
03edb5af8799dc48,https://ec.computrabajo.com/ofertas-de-trabajo/oferta-de-trabajo-de-extrusora-operario-de-bobinadora-y-extrusora-en-quito-40E9B5FE3432B04161373E686DCF3405,Extrusor/a - Operario de bobinadora y extrusora,saved_to_csv,2026-09-27T17:19:24.029833,https://ec.computrabajo.com/empleos-en-pichincha,24
031fc5e2e664db82,https://ec.computrabajo.com/ofertas-de-trabajo/oferta-de-trabajo-de-senorita-estilista-con-conocimientos-en-cortes-vde-cabello-en-quito-1DF670905BB66BF661373E686DCF3405,Señorita Estilista - con conocimientos en cortes vde cabello,saved_to_csv,2026-09-27T17:19:25.229053,https://ec.computrabajo.com/empleos-en-pichincha,24
6df2924724279270,https://ec.computrabajo.com/ofertas-de-trabajo/oferta-de-trabajo-de-auxiliar-de-operaciones-ayudante-de-corte-turno-nocturno-en-quito-8925C9B06AD6F3C461373E686DCF3405,Auxiliar de operaciones - Ayudante de corte turno nocturno,saved_to_csv,2026-09-27T17:19:26.401050,https://ec.computrabajo.com/empleos-en-pichincha,24
b9ac88256f1986dd,https://ec.computrabajo.com/ofertas-de-trabajo/oferta-de-trabajo-de-asesor-comercial-de-admisiones-diplomados-maestrias-y-doctorados-asesoras-de-admisiones-educacion-superior-en-quito-99B603603869648F61373E686DCF3405,"Asesor Comercial de Admisiones (Diplomados, Maestrías y Doctorados) - Asesoras de Admisiones Educación Superior",saved_to_csv,2026-09-27T17:19:27.547011,https://ec.computrabajo.com/empleos-en-pichincha,24
d484f3afd1511fb2,https://ec.computrabajo.com/ofertas-de-trabajo/oferta-de-trabajo-de-bodegueroa-en-quito-284EEBF44D5F333A61373E686DCF3405,Bodeguero/a,saved_to_csv,2026-09-27T17:19:28.690358,https://ec.computrabajo.com/empleos-en-pichincha,24
e9df95d196f7c9f4,https://ec.computrabajo.com/ofertas-de-trabajo/oferta-de-trabajo-de-meseroa-con-experiencia-en-cafeterias-en-quito-278C12C16097EED361373E686DCF3405,Mesero/a - con experiencia en cafeterias,saved_to_csv,2026-09-27T17:19:29.838709,https://ec.computrabajo.com/empleos-en-pichincha,24
c439051bd6615702,https://ec.computrabajo.com/ofertas-de-trabajo/oferta-de-trabajo-de-contador-general-con-experiencia-en-firmas-de-outsourcing-en-quito-54E60118F97C578B61373E686DCF3405,Contador general - Con experiencia en firmas de outsourcing,saved_to_csv,2026-09-27T17:19:30.988417,https://ec.computrabajo.com/empleos-en-pichincha,24
82028c74d55c8100,https://ec.computrabajo.com/ofertas-de-trabajo/oferta-de-trabajo-de-ingeniero-mecanico-en-quito-4A9FC2395D52DB9361373E686DCF3405,Ingeniero mecánico,saved_to_csv,2026-09-27T17:19:32.127596,https://ec.computrabajo.com/empleos-en-pichincha,24
841cc9143cd0212f,https://ec.computrabajo.com/ofertas-de-trabajo/oferta-de-trabajo-de-agente-de-ventas-en-quito-5C88906C4E40EA6E61373E686DCF3405,Agente de ventas,saved_to_csv,2026-09-27T17:19:33.266419,https://ec.computrabajo.com/empleos-en-pichincha,24
5a6acbe78bab2c59,https://ec.computrabajo.com/ofertas-de-trabajo/oferta-de-trabajo-de-tecnico-electronica-en-quito-ECF8FD2F54720B7E61373E686DCF3405,Técnico electrónica,saved_to_csv,2026-09-27T17:19:34.442393,https://ec.computrabajo.com/empleos-en-pichincha,24
d299fd90c12cde69,https://ec.computrabajo.com/ofertas-de-trabajo/oferta-de-trabajo-de-impulsadora-impulsadora-promotora-en-quito-09059E28366FF39D61373E686DCF3405,Impulsadora - Impulsadora / Promotora,saved_to_csv,2026-09-27T17:19:35.583281,https://ec.computrabajo.com/empleos-en-pichincha,24
64ee82624e3598ee,https://ec.computrabajo.com/ofertas-de-trabajo/oferta-de-trabajo-de-gestor-comercial-gestor-comercial-de-campo-en-quito-1504E62E6C57E4D561373E686DCF3405,Gestor Comercial - Gestor Comercial de campo,saved_to_csv,2026-09-27T17:19:36.786197,https://ec.computrabajo.com/empleos-en-pichincha,24
eea3d0eb397f8962,https://ec.computrabajo.com/ofertas-de-trabajo/oferta-de-trabajo-de-tecnico-instalador-de-tuning-automotriz-con-experiencia-en-quito-22C341C28CEF7F9361373E686DCF3405,Técnico Instalador de Tuning Automotriz - Con experiencia,saved_to_csv,2026-09-27T17:19:37.932356,https://ec.computrabajo.com/empleos-en-pichincha,24
f516be96bff720bf,https://ec.computrabajo.com/ofertas-de-trabajo/oferta-de-trabajo-de-chofer-mensajero-motociclista-tiempo-completo-en-quito-3555CE05F4A55FDE61373E686DCF3405,Chófer mensajero motociclista - Tiempo completo,saved_to_csv,2026-09-27T17:19:39.094019,https://ec.computrabajo.com/empleos-en-pichincha,24
21a3a0140f67e378,https://ec.computrabajo.com/ofertas-de-trabajo/oferta-de-trabajo-de-meseroa-con-experiencia-en-cafeterias-en-quito-599C99DA05E0312361373E686DCF3405,Mesero/a - con experiencia en cafeterias,saved_to_csv,2026-09-27T17:19:40.221004,https://ec.computrabajo.com/empleos-en-pichincha,24
635b2e1dff35a265,https://ec.computrabajo.com/ofertas-de-trabajo/oferta-de-trabajo-de-asistente-ejecutiva-y-administrativa-gerencia-general-en-quito-3C662764F4DB941161373E686DCF3405,Asistente Ejecutiva y Administrativa - Gerencia General,saved_to_csv,2026-09-27T17:19:41.358524,https://ec.computrabajo.com/empleos-en-pichincha,24
19d0bb50a1d86e10,https://ec.computrabajo.com/ofertas-de-trabajo/oferta-de-trabajo-de-administradora-en-quito-3C68A3146109B5D961373E686DCF3405,Administrador/a,saved_to_csv,2026-09-27T17:19:42.511077,https://ec.computrabajo.com/empleos-en-pichincha,24
57cc028791820b54,https://ec.computrabajo.com/ofertas-de-trabajo/oferta-de-trabajo-de-tecnico-de-mantenimiento-en-quito-BB24902571D93B7C61373E686DCF3405,Técnico de mantenimiento,saved_to_csv,2026-09-27T17:19:43.914957,https://ec.computrabajo.com/empleos-en-pichincha,25
1592772ca0fd48e8,https://ec.computrabajo.com/ofertas-de-trabajo/oferta-de-trabajo-de-comunicadora-disenador-grafico-en-quito-77CDB27B2D1C45D661373E686DCF3405,"Comunicador/a, diseñador grafico",saved_to_csv,2026-09-27T17:19:45.046417,https://ec.computrabajo.com/empleos-en-pichincha,25
f2845a67f5a5b574,https://ec.computrabajo.com/ofertas-de-trabajo/oferta-de-trabajo-de-panaderoa-turno-noche-en-quito-361BCC8995033CBE61373E686DCF3405,Panadero/a - Turno Noche,saved_to_csv,2026-09-27T17:19:46.189656,https://ec.computrabajo.com/empleos-en-pichincha,25
5f5b01e3d75b6f69,https://ec.computrabajo.com/ofertas-de-trabajo/oferta-de-trabajo-de-tecnico-electronica-completo-en-quito-B08A0258C2B13AFD61373E686DCF3405,Técnico electrónica - Completo,saved_to_csv,2026-09-27T17:19:47.322719,https://ec.computrabajo.com/empleos-en-pichincha,25
229a5ad043aa3add,https://ec.computrabajo.com/ofertas-de-trabajo/oferta-de-trabajo-de-tecnico-de-laboratorio-servicio-tecnico-quito-en-quito-FCA5D2AB35DEDBE361373E686DCF3405,Técnico de Laboratorio – Servicio Técnico (Quito),saved_to_csv,2026-09-27T17:19:48.480705,https://ec.computrabajo.com/empleos-en-pichincha,25
82c5a4d3b6520cc0,https://ec.computrabajo.com/ofertas-de-trabajo/oferta-de-trabajo-de-mecanico-automotriz-con-experiencia-en-quito-3491C41CE259C68C61373E686DCF3405,Mecánico automotriz - con experiencia,saved_to_csv,2026-09-27T17:19:49.624982,https://ec.computrabajo.com/empleos-en-pichincha,25
2ba22563a7c6832c,https://ec.computrabajo.com/ofertas-de-trabajo/oferta-de-trabajo-de-asistente-de-gerencia-general-en-quito-0C0A22E9F7C4D06161373E686DCF3405,Asistente de Gerencia General,saved_to_csv,2026-09-27T17:19:50.782290,https://ec.computrabajo.com/empleos-en-pichincha,25
9c5500ad05fce2a5,https://ec.computrabajo.com/ofertas-de-trabajo/oferta-de-trabajo-de-recepcion-call-center-ventas-comercial-aprendiz-de-audiologia-en-quito-1E74343D301D01DE61373E686DCF3405,"Recepción, Call Center, Ventas Comercial, aprendiz de Audiología.",saved_to_csv,2026-09-27T17:19:51.915094,https://ec.computrabajo.com/empleos-en-pichincha,25
4108d2c27aea9814,https://ec.computrabajo.com/ofertas-de-trabajo/oferta-de-trabajo-de-auxiliar-de-enfermeria-en-guayaquil-2FFE93431399367061373E686DCF3405,Atención y servicio al cliente - Con,saved_to_csv,2026-09-27T17:19:53.068182,https://ec.computrabajo.com/empleos-en-pichincha,25
6495cff5e456bceb,https://ec.computrabajo.com/ofertas-de-trabajo/oferta-de-trabajo-de-asesora-call-center-ventas-vendedor-retail-de-local-y-call-center-en-quito-4B1874A9C10F1F0661373E686DCF3405,Asesor/a call center ventas - Vendedor retail de local y call center,saved_to_csv,2026-09-27T17:19:54.230497,https://ec.computrabajo.com/empleos-en-pichincha,25
924ab5e55a1ae8df,https://ec.computrabajo.com/ofertas-de-trabajo/oferta-de-trabajo-de-mecanico-industrial-ingeniero-en-quito-E043ACA5B088DC6A61373E686DCF3405,Mecánico industrial - Ingeniero,saved_to_csv,2026-09-27T17:19:55.312501,https://ec.computrabajo.com/empleos-en-pichincha,25
6f8d5de90499af0c,https://ec.computrabajo.com/ofertas-de-trabajo/oferta-de-trabajo-de-supervisores-y-acesores-de-ventas-consultoria-financiera-en-quito-82A072709FBEE8DD61373E686DCF3405,Supervisores y acesores de ventas - Consultoria Financiera,saved_to_csv,2026-09-27T17:19:56.470121,https://ec.computrabajo.com/empleos-en-pichincha,25
24d136ba715bc465,https://ec.computrabajo.com/ofertas-de-trabajo/oferta-de-trabajo-de-asistente-de-marketing-en-quito-E0BD407EEAADBDEA61373E686DCF3405,Asistente de Marketing,saved_to_csv,2026-09-27T17:19:57.593666,https://ec.computrabajo.com/empleos-en-pichincha,25
82a994721cf9bd4a,https://ec.computrabajo.com/ofertas-de-trabajo/oferta-de-trabajo-de-pasante-de-recursos-humanos-senorita-egresada-en-quito-1FFFB5D5F445945D61373E686DCF3405,Pasante de recursos humanos - Señorita egresada,saved_to_csv,2026-09-27T17:19:58.760649,https://ec.computrabajo.com/empleos-en-pichincha,25
fcaba85bb52550c9,https://ec.computrabajo.com/ofertas-de-trabajo/oferta-de-trabajo-de-wordpress-con-experiencia-en-quito-F43B49E3817B44C961373E686DCF3405,Wordpress - Con experiencia,saved_to_csv,2026-09-27T17:19:59.925473,https://ec.computrabajo.com/empleos-en-pichincha,25
cadf063f30bbdbbd,https://ec.computrabajo.com/ofertas-de-trabajo/oferta-de-trabajo-de-arquitecto-en-quito-0A13001DA605C77261373E686DCF3405,Arquitecto,saved_to_csv,2026-09-27T17:20:01.140356,https://ec.computrabajo.com/empleos-en-pichincha,25
b623363efc15f483,https://ec.computrabajo.com/ofertas-de-trabajo/oferta-de-trabajo-de-vendedor-campo-con-experiencia-en-quito-017B0D10F9580C1961373E686DCF3405,Vendedor campo - Con Experiencia,saved_to_csv,2026-09-27T17:20:02.281578,https://ec.computrabajo.com/empleos-en-pichincha,25
064963a948dc8834,https://ec.computrabajo.com/ofertas-de-trabajo/oferta-de-trabajo-de-promotora-vendedor-en-quito-D6DA999F283109ED61373E686DCF3405,Promotor/a vendedor,saved_to_csv,2026-09-27T17:20:03.484669,https://ec.computrabajo.com/empleos-en-pichincha,25
23520468fb442436,https://ec.computrabajo.com/ofertas-de-trabajo/oferta-de-trabajo-de-asistente-legal-jornada-completa-en-quito-822388AF5574445161373E686DCF3405,Asistente legal - jornada completa,saved_to_csv,2026-09-27T17:20:04.593365,https://ec.computrabajo.com/empleos-en-pichincha,25
d54eda7ae93e60be,https://ec.computrabajo.com/ofertas-de-trabajo/oferta-de-trabajo-de-asesor-de-cobranza-tiempo-completo-en-quito-984B9238E70A9D0161373E686DCF3405,Asesor de Cobranza - Tiempo Completo,saved_to_csv,2026-09-27T17:20:05.755046,https://ec.computrabajo.com/empleos-en-pichincha,25
ae965771ab5016ec,https://ec.computrabajo.com/ofertas-de-trabajo/oferta-de-trabajo-de-tecnico-de-control-de-plagas-y-mantenimiento-en-quito-7AE1741F611C968A61373E686DCF3405,Técnico de Control de Plagas y Mantenimiento,saved_to_csv,2026-09-27T17:20:07.123003,https://ec.computrabajo.com/empleos-en-pichincha,26
fc97c6d3730d363f,https://ec.computrabajo.com/ofertas-de-trabajo/oferta-de-trabajo-de-supervisor-de-servicios-de-control-de-plagas-y-mantenimiento-de-areas-verdes-en-quito-6888DBC3639ABF4B61373E686DCF3405,Supervisor de Servicios de Control De Plagas y Mantenimiento de Áreas Verdes,saved_to_csv,2026-09-27T17:20:08.272723,https://ec.computrabajo.com/empleos-en-pichincha,26
c9ba9ee5b938bfce,https://ec.computrabajo.com/ofertas-de-trabajo/oferta-de-trabajo-de-jefe-de-grupo-control-de-plagas-y-mantenimiento-de-areas-verdes-en-quito-600336E8359F426361373E686DCF3405,Jefe de Grupo – Control de Plagas y Mantenimiento de Áreas Verdes,saved_to_csv,2026-09-27T17:20:09.422829,https://ec.computrabajo.com/empleos-en-pichincha,26
680c8ca917679090,https://ec.computrabajo.com/ofertas-de-trabajo/oferta-de-trabajo-de-ingeniero-en-comercio-exterior-con-experiencia-en-compras-nacionales-e-internacionales-con-experiencia-en-quito-854CA600A81B52F261373E686DCF3405,Ingeniero en Comercio Exterior con experiencia en compras nacionales e internacionales - Con experiencia,saved_to_csv,2026-09-27T17:20:10.568388,https://ec.computrabajo.com/empleos-en-pichincha,26
87432fc74ee324ca,https://ec.computrabajo.com/ofertas-de-trabajo/oferta-de-trabajo-de-ejecutivo-de-operaciones-logisticas-importaciones-y-exportaciones-en-quito-29C5ED5DB73CCCC961373E686DCF3405,Ejecutivo de Operaciones Logísticas - Importaciones y Exportaciones,saved_to_csv,2026-09-27T17:20:11.696243,https://ec.computrabajo.com/empleos-en-pichincha,26
f1fc8f170788d42b,https://ec.computrabajo.com/ofertas-de-trabajo/oferta-de-trabajo-de-agente-ventas-telefonicas-con-experiencia-en-telecomunicaciones-en-quito-BA92C7E19ED80D9161373E686DCF3405,Agente ventas telefónicas - con experiencia en Telecomunicaciones,saved_to_csv,2026-09-27T17:20:12.834078,https://ec.computrabajo.com/empleos-en-pichincha,26
c84eed7e9c4fe020,https://ec.computrabajo.com/ofertas-de-trabajo/oferta-de-trabajo-de-practicante-o-tecnico-en-electronica-pago-por-comision-en-quito-465855391B8943CF61373E686DCF3405,Practicante o Técnico en Electrónica,saved_to_csv,2026-09-27T17:20:13.989742,https://ec.computrabajo.com/empleos-en-pichincha,26
ca5f66a1579e1d16,https://ec.computrabajo.com/ofertas-de-trabajo/oferta-de-trabajo-de-vendedor-para-canal-retail-en-quito-786F654BBAFA493761373E686DCF3405,Vendedor para canal retail,saved_to_csv,2026-09-27T17:20:15.164675,https://ec.computrabajo.com/empleos-en-pichincha,26
d6bbe3db3a6ba6d0,https://ec.computrabajo.com/ofertas-de-trabajo/oferta-de-trabajo-de-supervisor-mecanico-en-quito-03DFD9CACEDC83F161373E686DCF3405,Supervisor Mecánico,saved_to_csv,2026-09-27T17:20:16.324642,https://ec.computrabajo.com/empleos-en-pichincha,26
a423ce0d1f3eaa6a,https://ec.computrabajo.com/ofertas-de-trabajo/oferta-de-trabajo-de-supervisor-civil-en-quito-CDCA2CA8B91931A061373E686DCF3405,Supervisor Civil,saved_to_csv,2026-09-27T17:20:17.478689,https://ec.computrabajo.com/empleos-en-pichincha,26
af7bf32ccdf729c0,https://ec.computrabajo.com/ofertas-de-trabajo/oferta-de-trabajo-de-supervisor-electrico-en-quito-FB7A7669EE56478461373E686DCF3405,Supervisor eléctrico,saved_to_csv,2026-09-27T17:20:18.616046,https://ec.computrabajo.com/empleos-en-pichincha,26
4dfbbf69ca863a19,https://ec.computrabajo.com/ofertas-de-trabajo/oferta-de-trabajo-de-tecnico-en-rx-tiempo-completo-en-quito-F96EAE3102B8CB6E61373E686DCF3405,Técnico en rx - Tiempo completo,saved_to_csv,2026-09-27T17:20:19.768757,https://ec.computrabajo.com/empleos-en-pichincha,26
224bd859cb4f11ce,https://ec.computrabajo.com/ofertas-de-trabajo/oferta-de-trabajo-de-medico-odontologo-tiempo-completo-en-quito-2B71C1DEA53F2E0B61373E686DCF3405,Médico odontólogo - Tiempo completo,saved_to_csv,2026-09-27T17:20:20.900209,https://ec.computrabajo.com/empleos-en-pichincha,26
d45a03cad61d2552,https://ec.computrabajo.com/ofertas-de-trabajo/oferta-de-trabajo-de-gestor-documental-contrato-por-obra-en-quito-A6365DAF621AE74061373E686DCF3405,Gestor Documental - Contrato por obra,saved_to_csv,2026-09-27T17:20:22.053698,https://ec.computrabajo.com/empleos-en-pichincha,26
a93eeb6b83db14d0,https://ec.computrabajo.com/ofertas-de-trabajo/oferta-de-trabajo-de-oficial-de-credito-con-experiencia-en-campo-en-quito-047BC32E66569E0C61373E686DCF3405,Oficial de crédito - Con experiencia en campo,saved_to_csv,2026-09-27T17:20:23.215691,https://ec.computrabajo.com/empleos-en-pichincha,26
bc9dd7f4ec0ede32,https://ec.computrabajo.com/ofertas-de-trabajo/oferta-de-trabajo-de-ejecutivo-comercial-en-quito-2C103A075444157E61373E686DCF3405,Ejecutivo comercial,saved_to_csv,2026-09-27T17:20:24.344178,https://ec.computrabajo.com/empleos-en-pichincha,26
a5747439ce44c8bb,https://ec.computrabajo.com/ofertas-de-trabajo/oferta-de-trabajo-de-auxiliar-de-enfermeria-tecnico-de-hemodialisis-en-quito-2311EB8F740D6C4861373E686DCF3405,Auxiliar de Enfermería / Técnico de Hemodiálisis,saved_to_csv,2026-09-27T17:20:25.496896,https://ec.computrabajo.com/empleos-en-pichincha,26
b8a65b8447e7f373,https://ec.computrabajo.com/ofertas-de-trabajo/oferta-de-trabajo-de-asistente-administrativa-de-coordinacion-en-quito-EDEA52FD5FD834F961373E686DCF3405,Asistente Administrativa de Coordinación,saved_to_csv,2026-09-27T17:20:26.634564,https://ec.computrabajo.com/empleos-en-pichincha,26
e1807bff24f27023,https://ec.computrabajo.com/ofertas-de-trabajo/oferta-de-trabajo-de-abogado-junior-cobranzas-en-quito-C20539FE5F320F4261373E686DCF3405,Abogado Junior Cobranzas,saved_to_csv,2026-09-27T17:20:27.780396,https://ec.computrabajo.com/empleos-en-pichincha,26
bde900b157a698ee,https://ec.computrabajo.com/ofertas-de-trabajo/oferta-de-trabajo-de-ejecutivo-de-siniestros-y-ramos-generales-con-experiencia-en-quito-CF2E77E93612599961373E686DCF3405,Ejecutivo de siniestros y ramos generales - con experiencia,saved_to_csv,2026-09-27T17:20:28.941649,https://ec.computrabajo.com/empleos-en-pichincha,26
6a8e5ae4de77f0bf,https://ec.computrabajo.com/ofertas-de-trabajo/oferta-de-trabajo-de-inspector-de-siniestros-automotriz-perito-evaluador-tumbaco-en-quito-2CFEF800895B80E261373E686DCF3405,Inspector de Siniestros Automotriz - Perito Evaluador Tumbaco,saved_to_csv,2026-09-27T17:20:30.353130,https://ec.computrabajo.com/empleos-en-pichincha,27
8fdc766ccd0682ba,https://ec.computrabajo.com/ofertas-de-trabajo/oferta-de-trabajo-de-ejecutivo-comercial-asesor-comercial-construccion-industrial-en-quito-E8DE84801B302A6661373E686DCF3405,Ejecutivo Comercial / Asesor Comercial - Construcción Industrial,saved_to_csv,2026-09-27T17:20:31.511608,https://ec.computrabajo.com/empleos-en-pichincha,27
df09de30c8358117,https://ec.computrabajo.com/ofertas-de-trabajo/oferta-de-trabajo-de-ingenieroa-mecanico-estructural-en-quito-55C66DEFF501928461373E686DCF3405,Ingeniero/a - Mecánico Estructural,saved_to_csv,2026-09-27T17:20:32.665597,https://ec.computrabajo.com/empleos-en-pichincha,27
f5d7d1457779d83f,https://ec.computrabajo.com/ofertas-de-trabajo/oferta-de-trabajo-de-sales-account-executive-en-quito-4A739216936CF6FE61373E686DCF3405,Sales account executive,saved_to_csv,2026-09-27T17:20:33.825086,https://ec.computrabajo.com/empleos-en-pichincha,27
76074e46b91697f4,https://ec.computrabajo.com/ofertas-de-trabajo/oferta-de-trabajo-de-tecnicoa-en-refrigeracion-en-quito-0D9C2A5E3681B1DD61373E686DCF3405,Tecnico/a en refrigeración,saved_to_csv,2026-09-27T17:20:34.986633,https://ec.computrabajo.com/empleos-en-pichincha,27
ba75282ee26a0345,https://ec.computrabajo.com/ofertas-de-trabajo/oferta-de-trabajo-de-lic-en-enfermeria-para-toma-de-muestras-aux-tecnicos-en-emergencias-medicas-en-quito-546F85D1659A320061373E686DCF3405,Lic. en Enfermeria para toma de muestras - Aux. Técnicos en Emergencias Médicas,saved_to_csv,2026-09-27T17:20:36.150867,https://ec.computrabajo.com/empleos-en-pichincha,27
8b2f9856b47cc30b,https://ec.computrabajo.com/ofertas-de-trabajo/oferta-de-trabajo-de-asesor-comercial-jornada-completa-en-quito-3E348C964B56399961373E686DCF3405,Asesor Comercial - Jornada Completa,saved_to_csv,2026-09-27T17:20:37.293807,https://ec.computrabajo.com/empleos-en-pichincha,27
